Binder Name,Binder Type,Name,Set code,Set name,Collector number,Foil,Rarity,Quantity,ManaBox ID,Scryfall ID,Purchase price,Misprint,Altered,Condition,Language,Purchase price currency,Added
"Secret Lair ",binder,"Heliod, Sun-Crowned",SLD,Secret Lair Drop,2165,foil,mythic,1,109221,236a1f7c-3ca9-4029-9064-4c215d02137a,21.51,false,false,near_mint,es,EUR,2025-12-10T16:52:49.183Z
"Secret Lair ",binder,Steelshaper's Gift,SLD,Secret Lair Drop,2166,foil,rare,1,109235,81d99e5b-4c2a-47bf-b31b-71c50b944b69,15.0,false,false,near_mint,en,EUR,2025-12-10T16:52:49.183Z
"Secret Lair ",binder,Swords to Plowshares,SLD,Secret Lair Drop,2167,foil,rare,1,109238,9abddd8c-626b-4896-b550-93f2e93d209e,15.22,false,false,near_mint,en,EUR,2025-12-10T16:52:49.183Z
"Secret Lair ",binder,"Baral, Chief of Compliance",SLD,Secret Lair Drop,2168,foil,rare,1,109216,0c7cc34b-8dee-4732-b6a1-db901b9389e1,8.32,false,false,near_mint,en,EUR,2025-12-10T16:52:49.183Z
"Secret Lair ",binder,"Garruk Relentless // Garruk, the Veil-Cursed",SLD,Secret Lair Drop,2169,foil,mythic,1,109239,9c60d186-5c1e-4a74-80b7-0c60a6e5e79f,6.98,false,false,near_mint,en,EUR,2025-12-10T16:52:49.183Z
"Secret Lair ",binder,Reaper King,SLD,Secret Lair Drop,2170,foil,rare,1,109251,e960ff2c-1863-40cb-9ebf-49e2ea5480dc,8.94,false,false,near_mint,en,EUR,2025-12-10T16:52:49.183Z
"Secret Lair ",binder,Tragic Slip,SLD,Secret Lair Drop,7043,foil,rare,1,109909,de4093c2-9cb4-4465-b6f6-4c460fb7094b,67.14,false,false,near_mint,en,EUR,2025-12-10T16:52:49.183Z
"Secret Lair ",binder,Pyrohemia,SLD,Secret Lair Drop,2211,foil,rare,1,109199,75fb5cb6-e8ab-4fd5-a1f3-985de4fda226,5.73,false,false,near_mint,de,EUR,2025-12-22T09:49:39.288Z
"Secret Lair ",binder,Seething Song,SLD,Secret Lair Drop,7051,foil,rare,1,109999,77413fe0-0c5c-402d-8809-f9d434193654,14.95,false,false,near_mint,en,EUR,2025-12-22T09:49:39.289Z
"Secret Lair ",binder,Sulfuric Vortex,SLD,Secret Lair Drop,2210,foil,rare,1,109210,dc358e47-fde3-4e51-983b-bcb5aa59d360,,false,false,near_mint,en,EUR,2025-12-22T09:49:39.290Z
"Secret Lair ",binder,Rite of Flame,SLD,Secret Lair Drop,2209,foil,rare,1,109197,67dd3d5d-b200-4228-b72b-285b74eda569,10.23,false,false,near_mint,en,EUR,2025-12-22T09:49:39.291Z
"Secret Lair ",binder,World at War,SLD,Secret Lair Drop,2208,foil,rare,1,109211,e8673f2b-151b-4545-aae2-96efc6442ea5,11.37,false,false,near_mint,en,EUR,2025-12-22T09:49:39.292Z
"Secret Lair ",binder,"Kratos, God of War",SLD,Secret Lair Drop,2207,foil,mythic,1,109010,fb97e2a1-0e86-4c12-8d31-6ff7b825ca10,46.53,false,false,near_mint,en,EUR,2025-12-22T09:49:39.293Z
normal sets,binder,Agna Qel'a,TLA,Avatar: The Last Airbender,264,normal,rare,1,109716,6b885829-a323-4f7d-87c9-aa4615dcbe5c,1.04,false,false,near_mint,de,EUR,2025-11-17T19:04:07.352Z
normal sets,binder,Kyoshi Battle Fan,TLA,Avatar: The Last Airbender,257,normal,common,2,109659,257e6862-96fe-4312-aff2-509d0696843a,0.11,false,false,near_mint,de,EUR,2025-11-17T19:04:07.352Z
normal sets,binder,The Legend of Roku // Avatar Roku,TLA,Avatar: The Last Airbender,357,normal,mythic,1,109426,4a8bdef0-c50c-4a30-81bc-507a8289a81b,5.68,false,false,near_mint,de,EUR,2025-11-17T19:04:07.352Z
normal sets,binder,Dai Li Indoctrination,TLA,Avatar: The Last Airbender,93,normal,common,3,108299,eca652b8-44f1-4bd9-b4bf-036eeead13aa,0.11,false,false,near_mint,de,EUR,2025-11-17T19:04:07.352Z
normal sets,binder,Leaves from the Vine,TLA,Avatar: The Last Airbender,185,normal,uncommon,1,109520,b18995c2-efe3-46ca-8204-e2dc0e42f6e3,0.17,false,false,near_mint,de,EUR,2025-11-17T19:04:07.352Z
normal sets,binder,Mountain,TLA,Avatar: The Last Airbender,295,normal,common,1,109424,488ca216-de75-4acc-9c67-fd37070d7e92,0.17,false,false,near_mint,de,EUR,2025-11-17T19:04:07.352Z
normal sets,binder,Epic Downfall,TLA,Avatar: The Last Airbender,96,normal,uncommon,2,108189,3b4a6804-04f5-4467-bb1c-9466a47bc55f,0.12,false,false,near_mint,de,EUR,2025-11-17T19:04:07.352Z
normal sets,binder,"Mai, Scornful Striker",TLA,Avatar: The Last Airbender,109,normal,rare,1,109465,74dd4c0e-27b8-4c47-b7a6-a281413cd6b4,2.08,false,false,near_mint,de,EUR,2025-11-17T19:04:07.352Z
normal sets,binder,"Iroh, Tea Master",TLA,Avatar: The Last Airbender,228,normal,rare,1,109546,d1f5e10d-0a89-4129-9717-a921f20d3616,0.25,false,false,near_mint,de,EUR,2025-11-17T19:04:07.352Z
normal sets,binder,Avatar Enthusiasts,TLA,Avatar: The Last Airbender,11,normal,common,2,108124,7292e5f2-d5a1-4e39-8f75-eba471819f04,0.2,false,false,near_mint,de,EUR,2025-11-17T19:04:07.352Z
normal sets,binder,Meditation Pools,TLA,Avatar: The Last Airbender,272,normal,common,2,109540,cc078fc6-4470-473f-9e24-d2c470e09141,0.17,false,false,near_mint,de,EUR,2025-11-17T19:04:07.352Z
normal sets,binder,"Hama, the Bloodbender",TLA,Avatar: The Last Airbender,224,normal,uncommon,2,109461,6fa1197d-7b19-4d86-81e2-5c87de87757b,0.12,false,false,near_mint,de,EUR,2025-11-17T19:04:07.352Z
normal sets,binder,"Katara, Water Tribe's Hope",TLA,Avatar: The Last Airbender,351,normal,rare,1,108130,95547532-c056-44a5-9d80-4f6b729b6e0c,1.49,false,false,near_mint,de,EUR,2025-11-17T19:04:07.352Z
normal sets,binder,The Cave of Two Lovers,TLA,Avatar: The Last Airbender,126,normal,uncommon,1,109432,50bf5c8b-f218-46b7-843c-8d8083f02fd2,0.18,false,false,near_mint,de,EUR,2025-11-17T19:04:07.352Z
normal sets,binder,Earth King's Lieutenant,TLA,Avatar: The Last Airbender,217,normal,rare,1,109421,4533d155-5c56-41a5-9d76-2d1414ac47c9,0.38,false,false,near_mint,de,EUR,2025-11-17T19:04:07.352Z
normal sets,binder,Waterbender Ascension,TLA,Avatar: The Last Airbender,79,normal,rare,1,109687,3f57e0f9-e232-489c-b991-d0d23f75d8dd,1.63,false,false,near_mint,de,EUR,2025-11-17T19:04:07.352Z
normal sets,binder,Boiling Rock Rioter,TLA,Avatar: The Last Airbender,87,normal,rare,1,109464,739653cc-35c8-4a66-95d8-3e80fa6114f0,0.14,false,false,near_mint,de,EUR,2025-11-17T19:04:07.352Z
normal sets,binder,Giant Koi,TLA,Avatar: The Last Airbender,53,normal,common,2,108186,3938ec1f-979c-48e5-bb13-bebace006a8f,0.2,false,false,near_mint,de,EUR,2025-11-17T19:04:07.352Z
normal sets,binder,Master Pakku,TLA,Avatar: The Last Airbender,63,normal,uncommon,1,108246,91e30df5-63f7-4281-8d64-8d522d663652,0.11,false,false,near_mint,de,EUR,2025-11-17T19:04:07.352Z
normal sets,binder,"Sokka, Tenacious Tactician",TLA,Avatar: The Last Airbender,242,normal,rare,1,109578,f0fa5897-1da7-488f-bb19-1632e969c050,0.5,false,false,near_mint,de,EUR,2025-11-17T19:04:07.352Z
normal sets,binder,Bloodchief Ascension,TLE,Avatar: The Last Airbender Eternal,23,normal,mythic,1,109529,be16ae8f-e337-4a76-a0fb-8f5c6e3c52df,12.99,false,false,near_mint,de,EUR,2025-11-17T19:04:07.352Z
normal sets,binder,Raven Eagle,TLA,Avatar: The Last Airbender,116,normal,rare,1,109652,2262f24b-db6b-4f86-96d0-47a20fc015ab,0.39,false,false,near_mint,de,EUR,2025-11-17T19:04:07.352Z
normal sets,binder,Flexible Waterbender,TLA,Avatar: The Last Airbender,50,normal,common,3,108163,1447ebce-7e48-4b21-a39c-740920538bdd,0.02,false,false,near_mint,de,EUR,2025-11-17T19:04:07.352Z
normal sets,binder,Tiger-Dillo,TLA,Avatar: The Last Airbender,155,normal,uncommon,2,109369,067bd117-04e6-410e-89c4-6d431d627751,0.09,false,false,near_mint,de,EUR,2025-11-17T19:07:39.004Z
normal sets,binder,Buzzard-Wasp Colony,TLA,Avatar: The Last Airbender,88,normal,uncommon,1,108195,42d83229-0555-4361-8964-4b525c825843,0.16,false,false,near_mint,de,EUR,2025-11-17T19:07:39.004Z
normal sets,binder,Team Avatar,TLA,Avatar: The Last Airbender,38,normal,uncommon,1,109768,a9a5f6f7-f04d-477f-b67f-fd01a5dcc0f5,0.15,false,false,near_mint,de,EUR,2025-11-17T19:07:39.004Z
normal sets,binder,Waterbending Scroll,TLA,Avatar: The Last Airbender,81,normal,uncommon,1,109917,50d0be73-a2c8-44a0-9178-9949f342f6f9,0.13,false,false,near_mint,de,EUR,2025-11-17T19:07:39.004Z
normal sets,binder,Pretending Poxbearers,TLA,Avatar: The Last Airbender,237,normal,common,4,108282,d1af91a5-8681-4a05-910d-96f7a819bfaa,0.12,false,false,near_mint,de,EUR,2025-11-17T19:07:39.004Z
normal sets,binder,Vindictive Warden,TLA,Avatar: The Last Airbender,249,normal,common,4,108159,0f34de05-39a9-425f-a3b4-3a9d46c917ac,0.16,false,false,near_mint,de,EUR,2025-11-17T19:07:39.004Z
normal sets,binder,Firebending Lesson,TLA,Avatar: The Last Airbender,138,normal,common,2,109926,fa940e68-010e-4b68-be8a-555d7068f7b4,0.09,false,false,near_mint,de,EUR,2025-11-17T19:07:39.004Z
normal sets,binder,Saber-Tooth Moose-Lion,TLA,Avatar: The Last Airbender,194,normal,common,2,108266,b15f302d-c451-4e79-a5af-75ee3ba4cadf,0.16,false,false,near_mint,de,EUR,2025-11-17T19:07:39.004Z
normal sets,binder,Curious Farm Animals,TLA,Avatar: The Last Airbender,14,normal,common,2,109654,2402d759-84b6-41d2-ad78-9333974e9222,0.12,false,false,near_mint,de,EUR,2025-11-17T19:07:39.004Z
normal sets,binder,First-Time Flyer,TLA,Avatar: The Last Airbender,49,normal,common,2,108296,ea22d29d-3a62-4ae2-91d5-21a678be9b48,0.24,false,false,near_mint,de,EUR,2025-11-17T19:07:39.004Z
normal sets,binder,Sold Out,TLA,Avatar: The Last Airbender,119,normal,common,4,109389,1affba6d-2cca-4cdf-8690-1e23ffbe8462,0.05,false,false,near_mint,de,EUR,2025-11-17T19:07:39.004Z
normal sets,binder,Sun-Blessed Peak,TLA,Avatar: The Last Airbender,280,normal,common,4,109515,ae04c862-095f-41d2-8aef-21036d5a0cdc,0.14,false,false,near_mint,de,EUR,2025-11-17T19:07:39.004Z
normal sets,binder,"Haru, Hidden Talent",TLA,Avatar: The Last Airbender,182,normal,uncommon,1,108248,9657a0c0-2c26-4331-8e62-f032265a01af,0.12,false,false,near_mint,de,EUR,2025-11-17T19:07:39.004Z
normal sets,binder,Jet's Brainwashing,TLA,Avatar: The Last Airbender,143,normal,uncommon,1,109519,b17e8bdb-4b91-4a9d-bfe1-8a55f0bd040b,0.16,false,false,near_mint,de,EUR,2025-11-17T19:07:39.004Z
normal sets,binder,Invasion Reinforcements,TLA,Avatar: The Last Airbender,24,normal,uncommon,1,109783,b8845bba-d116-43cd-8ae0-e553f3324d66,0.15,false,false,near_mint,de,EUR,2025-11-17T19:07:39.004Z
normal sets,binder,Azula Always Lies,TLA,Avatar: The Last Airbender,84,normal,common,3,108194,416b9207-a2af-44d1-9b87-4943f6e46d42,0.13,false,false,near_mint,de,EUR,2025-11-17T19:07:39.004Z
normal sets,binder,How to Start a Riot,TLA,Avatar: The Last Airbender,140,normal,common,3,108174,23b3bf1e-ea85-47f5-8473-4d16615f68d7,0.14,false,false,near_mint,de,EUR,2025-11-17T19:07:39.004Z
normal sets,binder,Path to Redemption,TLA,Avatar: The Last Airbender,31,normal,common,2,108310,f936d64a-0db4-49c1-8a57-6d99e012a555,0.2,false,false,near_mint,de,EUR,2025-11-17T19:07:39.004Z
normal sets,binder,Iguana Parrot,TLA,Avatar: The Last Airbender,56,normal,common,2,108235,7faa3e3d-c08a-4908-85ef-1370d3f90815,0.13,false,false,near_mint,de,EUR,2025-11-17T19:07:39.004Z
normal sets,binder,Beetle-Headed Merchants,TLA,Avatar: The Last Airbender,86,normal,common,2,108273,c2eed79f-38c1-4aac-9525-d54cb114f17f,0.16,false,false,near_mint,de,EUR,2025-11-17T19:07:39.004Z
normal sets,binder,Fire Nation Cadets,TLA,Avatar: The Last Airbender,134,normal,common,2,109388,1a3a862c-9c9a-41cd-94d1-2d0cff22a6cd,0.12,false,false,near_mint,de,EUR,2025-11-17T19:07:39.004Z
normal sets,binder,North Pole Gates,TLA,Avatar: The Last Airbender,274,normal,common,1,109528,bcf7b9da-d35d-4338-b4d9-83e47dc058ee,0.14,false,false,near_mint,de,EUR,2025-11-17T19:07:39.004Z
normal sets,binder,Invasion Submersible,TLA,Avatar: The Last Airbender,57,normal,uncommon,1,109516,af5299f5-1633-4c07-ade5-fd47e29ea4aa,0.15,false,false,near_mint,de,EUR,2025-11-17T19:07:39.004Z
normal sets,binder,"Suki, Kyoshi Warrior",TLA,Avatar: The Last Airbender,243,normal,uncommon,1,108190,3e311480-04f8-4b8f-938e-1cc6d06b9902,0.18,false,false,near_mint,de,EUR,2025-11-17T19:07:39.004Z
normal sets,binder,"Bumi, King of Three Trials",TLA,Avatar: The Last Airbender,169,normal,uncommon,1,109758,a268697b-22b0-4e1b-a5b6-d9be95025e57,0.14,false,false,near_mint,de,EUR,2025-11-17T19:07:39.004Z
normal sets,binder,Abandon Attachments,TLA,Avatar: The Last Airbender,205,normal,common,2,108228,74ca45a4-97ab-4255-9129-884e8b42b984,0.12,false,false,near_mint,de,EUR,2025-11-17T19:07:39.004Z
normal sets,binder,Razor Rings,TLA,Avatar: The Last Airbender,33,normal,common,1,108265,b05cfee5-ee59-4df6-a5f6-d9ef0fa7f98a,0.17,false,false,near_mint,de,EUR,2025-11-17T19:07:39.004Z
normal sets,binder,Rocky Rebuke,TLA,Avatar: The Last Airbender,193,normal,common,1,108211,52fd910f-6d42-41f5-a4be-f375aa254ea2,0.19,false,false,near_mint,de,EUR,2025-11-17T19:07:39.004Z
normal sets,binder,Compassionate Healer,TLA,Avatar: The Last Airbender,13,normal,common,1,109483,88d5f8fd-d4de-4e64-9b74-e53719ffbcdc,0.14,false,false,near_mint,de,EUR,2025-11-17T19:07:39.004Z
normal sets,binder,Octopus Form,TLA,Avatar: The Last Airbender,66,normal,common,1,109543,ce96a826-53a0-4029-bf34-46779d133b13,0.13,false,false,near_mint,de,EUR,2025-11-17T19:07:39.004Z
normal sets,binder,Sokka's Haiku,TLA,Avatar: The Last Airbender,71,normal,uncommon,1,108102,004be4bc-ac3c-4026-8d36-f4687ab18c70,0.11,false,false,near_mint,de,EUR,2025-11-17T19:13:08.186Z
normal sets,binder,"The Boulder, Ready to Rumble",TLA,Avatar: The Last Airbender,168,normal,uncommon,2,109826,ec27a466-5457-44c6-a842-1de7d3788d66,0.12,false,false,near_mint,de,EUR,2025-11-17T19:13:08.186Z
normal sets,binder,Fire Nation Engineer,TLA,Avatar: The Last Airbender,99,normal,uncommon,2,108217,5daba108-277d-46c8-ac35-7610f4786813,0.12,false,false,near_mint,de,EUR,2025-11-17T19:13:08.186Z
normal sets,binder,Bender's Waterskin,TLA,Avatar: The Last Airbender,255,normal,common,1,108223,6d4a1712-d19e-4475-9614-a0b1af4da610,0.5,false,false,near_mint,de,EUR,2025-11-17T19:13:08.186Z
normal sets,binder,Cat-Owl,TLA,Avatar: The Last Airbender,212,normal,common,2,108285,d7df3391-dbe5-4eb4-85c1-037c5f3ea971,0.21,false,false,near_mint,de,EUR,2025-11-17T19:13:08.186Z
normal sets,binder,Fire Nation Raider,TLA,Avatar: The Last Airbender,135,normal,common,2,109827,ede1bbdb-c726-46e3-aaf1-b8cf2be2c341,0.05,false,false,near_mint,de,EUR,2025-11-17T19:13:08.186Z
normal sets,binder,Rebellious Captives,TLA,Avatar: The Last Airbender,191,normal,common,1,108293,e64a4a8b-323c-4c8b-92af-1a3295799e65,0.05,false,false,near_mint,de,EUR,2025-11-17T19:13:08.186Z
normal sets,binder,Jeong Jeong's Deserters,TLA,Avatar: The Last Airbender,25,normal,common,1,108152,060966f9-5e56-4512-9ef3-2b216daf093c,0.21,false,false,near_mint,de,EUR,2025-11-17T19:13:08.186Z
normal sets,binder,Merchant of Many Hats,TLA,Avatar: The Last Airbender,110,normal,common,2,108229,752ffa24-93b6-4b33-bf10-7222357ac472,0.13,false,false,near_mint,de,EUR,2025-11-17T19:13:08.186Z
normal sets,binder,Treetop Freedom Fighters,TLA,Avatar: The Last Airbender,156,normal,common,2,109507,a9394200-7ffc-440f-8b5f-c08b7930133c,0.1,false,false,near_mint,de,EUR,2025-11-17T19:13:08.186Z
normal sets,binder,Plains,TLA,Avatar: The Last Airbender,282,normal,common,3,108193,4069fb4a-8ee1-41ef-ab93-39a8cc58e0e5,0.1,false,false,near_mint,de,EUR,2025-11-17T19:13:08.186Z
normal sets,binder,Enter the Avatar State,TLA,Avatar: The Last Airbender,18,normal,uncommon,1,109766,a8f3d2cb-d073-4df8-8769-49612628a377,0.19,false,false,near_mint,de,EUR,2025-11-17T19:13:08.186Z
normal sets,binder,Boomerang Basics,TLA,Avatar: The Last Airbender,46,normal,uncommon,1,109640,17ab958a-abc6-472e-ad6a-97c731d89c74,0.21,false,false,near_mint,de,EUR,2025-11-17T19:13:08.186Z
normal sets,binder,Earth Rumble,TLA,Avatar: The Last Airbender,174,normal,uncommon,1,108218,62730505-56f1-4043-a8b9-4fb7bc508b47,0.14,false,false,near_mint,de,EUR,2025-11-17T19:13:08.186Z
normal sets,binder,Solstice Revelations,TLA,Avatar: The Last Airbender,153,normal,uncommon,1,109580,f22ac19f-66fb-4d54-9f09-495a20a29577,0.02,false,false,near_mint,de,EUR,2025-11-17T19:13:08.186Z
normal sets,binder,Earth Kingdom Soldier,TLA,Avatar: The Last Airbender,216,normal,common,2,108180,2d543d35-945a-4ffa-beb7-7c5d4f894f79,0.14,false,false,near_mint,de,EUR,2025-11-17T19:13:08.186Z
normal sets,binder,Raucous Audience,TLA,Avatar: The Last Airbender,190,normal,common,2,108279,ccd03ec3-0fae-48b2-9f04-9c57d2f94267,0.13,false,false,near_mint,de,EUR,2025-11-17T19:13:08.186Z
normal sets,binder,Water Tribe Captain,TLA,Avatar: The Last Airbender,41,normal,common,1,109632,0a0cdf97-1927-47c6-8ef1-29969e3567ee,0.11,false,false,near_mint,de,EUR,2025-11-17T19:13:08.186Z
normal sets,binder,Callous Inspector,TLA,Avatar: The Last Airbender,89,normal,common,2,109579,f22610e9-6b14-4914-bb67-bd6723bec9aa,0.14,false,false,near_mint,de,EUR,2025-11-17T19:13:08.186Z
normal sets,binder,Yuyan Archers,TLA,Avatar: The Last Airbender,161,normal,common,1,108250,99244462-a996-4a5b-91fb-947045647d6d,0.11,false,false,near_mint,de,EUR,2025-11-17T19:13:08.186Z
normal sets,binder,Uncle Iroh,TLA,Avatar: The Last Airbender,248,normal,uncommon,1,109443,5c88672c-0eba-4e93-a0ec-30bbb1bb7661,0.19,false,false,near_mint,de,EUR,2025-11-17T19:13:08.186Z
normal sets,binder,"Appa, Loyal Sky Bison",TLA,Avatar: The Last Airbender,9,normal,uncommon,2,109509,a9b2a843-c6fe-4d19-801e-1538e4381ab0,0.19,false,false,near_mint,de,EUR,2025-11-17T19:13:08.186Z
normal sets,binder,White Lotus Hideout,TLA,Avatar: The Last Airbender,281,normal,uncommon,1,109399,24d1e22c-0d99-4ed5-94f0-fd055fd8e2be,0.02,false,false,near_mint,de,EUR,2025-11-17T19:13:08.186Z
normal sets,binder,Cycle of Renewal,TLA,Avatar: The Last Airbender,170,normal,common,1,109398,233f4a05-057b-48f4-8f56-8d4a060a40e4,0.13,false,false,near_mint,de,EUR,2025-11-17T19:13:08.186Z
normal sets,binder,Messenger Hawk,TLA,Avatar: The Last Airbender,234,normal,common,3,109713,6a2946c0-0a40-4cdb-92c8-af2bafecca09,0.18,false,false,near_mint,de,EUR,2025-11-17T19:13:08.186Z
normal sets,binder,Barrels of Blasting Jelly,TLA,Avatar: The Last Airbender,254,normal,common,3,108208,4fd83083-3779-41f0-90a0-a00e3270e4e6,0.15,false,false,near_mint,de,EUR,2025-11-17T19:13:08.186Z
normal sets,binder,Foggy Swamp Vinebender,TLA,Avatar: The Last Airbender,180,normal,common,1,109727,78a75317-94f7-47a4-b4da-5a027fa73248,0.14,false,false,near_mint,de,EUR,2025-11-17T19:13:08.186Z
normal sets,binder,Sandbenders' Storm,TLA,Avatar: The Last Airbender,34,normal,common,3,109779,b3bf4a25-4329-4318-870a-2b06aa620dc4,0.05,false,false,near_mint,de,EUR,2025-11-17T19:13:08.186Z
normal sets,binder,It'll Quench Ya!,TLA,Avatar: The Last Airbender,58,normal,common,2,108199,47c25e41-f43c-4447-81b5-b9631448bd29,0.1,false,false,near_mint,de,EUR,2025-11-17T19:13:08.186Z
normal sets,binder,Deadly Precision,TLA,Avatar: The Last Airbender,95,normal,common,2,109422,4661daf6-d960-4278-8946-70948efaf99d,0.16,false,false,near_mint,de,EUR,2025-11-17T19:13:08.186Z
normal sets,binder,Deserter's Disciple,TLA,Avatar: The Last Airbender,131,normal,common,4,108164,14f2ed5a-042b-4cce-82ad-cfb4bd511d98,0.16,false,false,near_mint,de,EUR,2025-11-17T19:13:08.186Z
normal sets,binder,"Professor Zei, Anthropologist",TLA,Avatar: The Last Airbender,238,normal,uncommon,2,109662,27baccc0-7e25-4f39-be0d-31cd98ca0dc5,0.16,false,false,near_mint,de,EUR,2025-11-17T19:13:08.186Z
normal sets,binder,Kyoshi Island Plaza,TLA,Avatar: The Last Airbender,184,normal,uncommon,2,109752,9c25ea98-9823-4487-bf6b-ee29ce5a4ed8,0.11,false,false,near_mint,de,EUR,2025-11-17T19:13:08.186Z
normal sets,binder,Crashing Wave,TLA,Avatar: The Last Airbender,47,normal,uncommon,1,109754,9fd02eb4-1ef5-4a14-89a8-b25e720e8016,0.16,false,false,near_mint,de,EUR,2025-11-17T19:13:08.186Z
normal sets,binder,Aang's Journey,TLA,Avatar: The Last Airbender,1,normal,common,2,108119,5e51f727-5a9b-4bc7-83a9-dbcf1c933e15,0.15,false,false,near_mint,de,EUR,2025-11-17T19:13:08.186Z
normal sets,binder,Wandering Musicians,TLA,Avatar: The Last Airbender,250,normal,common,1,109916,3da81dbd-dc80-47ff-a33b-270d23a24e0a,0.23,false,false,near_mint,de,EUR,2025-11-17T19:13:08.186Z
normal sets,binder,Badgermole,TLA,Avatar: The Last Airbender,166,normal,common,2,108260,aabbd420-b7fc-496f-9168-bad823d51d9e,0.14,false,false,near_mint,de,EUR,2025-11-17T19:13:08.186Z
normal sets,binder,Airbending Lesson,TLA,Avatar: The Last Airbender,8,normal,common,3,108292,e2bcd0a6-e94d-4a21-a334-a57459c1b8cc,0.11,false,false,near_mint,de,EUR,2025-11-17T19:13:08.186Z
normal sets,binder,Pirate Peddlers,TLA,Avatar: The Last Airbender,115,normal,common,2,109919,5c998994-6c3b-4f34-9b31-babba2b17266,0.06,false,false,near_mint,de,EUR,2025-11-17T19:13:08.186Z
normal sets,binder,Rough Rhino Cavalry,TLA,Avatar: The Last Airbender,152,normal,common,2,108259,a8bc29cf-f6f8-4bb8-b722-f016b58b6d2d,0.13,false,false,near_mint,de,EUR,2025-11-17T19:13:08.186Z
normal sets,binder,Ostrich-Horse,TLA,Avatar: The Last Airbender,188,normal,common,2,108215,5ca3fd45-9301-44ef-afc0-4d7999d66d36,0.14,false,false,near_mint,de,EUR,2025-11-17T19:13:08.186Z
normal sets,binder,Misty Palms Oasis,TLA,Avatar: The Last Airbender,273,normal,common,3,109473,7cc29ddb-8f44-4493-985d-2fac35f9f34d,0.03,false,false,near_mint,de,EUR,2025-11-17T19:13:08.186Z
normal sets,binder,Earth Village Ruffians,TLA,Avatar: The Last Airbender,219,normal,common,2,108212,56d4e0b7-232f-4953-84a3-e6f17781aa45,0.08,false,false,near_mint,de,EUR,2025-11-17T19:13:08.186Z
normal sets,binder,Rabaroo Troop,TLA,Avatar: The Last Airbender,32,normal,common,3,108219,62a983b4-ac73-4949-9317-05a75a8ce164,0.21,false,false,near_mint,de,EUR,2025-11-17T19:13:08.186Z
normal sets,binder,Heartless Act,TLA,Avatar: The Last Airbender,103,normal,uncommon,1,108268,b57c57a8-d72b-4c6c-a2db-a7ef61190f42,0.11,false,false,near_mint,de,EUR,2025-11-17T19:13:08.186Z
normal sets,binder,Airbender's Reversal,TLA,Avatar: The Last Airbender,7,normal,uncommon,1,109715,6b7078e4-2892-4b5f-83ab-90369e0d6dba,0.21,false,false,near_mint,de,EUR,2025-11-17T19:13:08.186Z
normal sets,binder,Ember Island Production,TLA,Avatar: The Last Airbender,48,normal,uncommon,1,109379,0f79a7fc-36b1-4397-8e67-6638379d3a38,0.16,false,false,near_mint,de,EUR,2025-11-17T19:13:08.186Z
normal sets,binder,Forecasting Fortune Teller,TLA,Avatar: The Last Airbender,51,normal,common,3,109366,023e7ad4-6af0-4f29-a716-27a313974227,0.1,false,false,near_mint,de,EUR,2025-11-17T19:13:08.186Z
normal sets,binder,Rumble Arena,TLA,Avatar: The Last Airbender,277,normal,common,2,109688,3f5d2c38-663c-4f64-8cfc-c102462e82ef,0.16,false,false,near_mint,de,EUR,2025-11-17T19:13:08.186Z
normal sets,binder,Swampsnare Trap,TLA,Avatar: The Last Airbender,120,normal,common,2,109709,6348b6bf-08a7-45f0-8b2d-2827ab89f21c,0.04,false,false,near_mint,de,EUR,2025-11-17T19:13:08.186Z
normal sets,binder,Bumi Bash,TLA,Avatar: The Last Airbender,125,normal,common,3,109571,e8895479-26cb-4ee8-98ca-6d46c43f0dbd,0.11,false,false,near_mint,de,EUR,2025-11-17T19:13:08.186Z
normal sets,binder,Swamp,TLA,Avatar: The Last Airbender,289,normal,common,3,108128,874f0f27-81a4-4853-aaa0-2c15e07c177e,0.55,false,false,near_mint,de,EUR,2025-11-17T19:13:08.186Z
normal sets,binder,Fire Sages,TLA,Avatar: The Last Airbender,136,normal,uncommon,2,108225,71a9fa44-306f-417a-a9d9-991aff95025c,0.14,false,false,near_mint,de,EUR,2025-11-17T19:13:08.186Z
normal sets,binder,"Joo Dee, One of Many",TLA,Avatar: The Last Airbender,105,normal,uncommon,1,109730,7ae1439f-a0c4-42c2-a4f3-8851defa981e,0.24,false,false,near_mint,de,EUR,2025-11-17T19:13:08.186Z
normal sets,binder,Glider Staff,TLA,Avatar: The Last Airbender,22,normal,uncommon,1,109467,7517f2eb-a24d-49f6-82bf-08de55d3789a,0.18,false,false,near_mint,de,EUR,2025-11-17T19:13:08.186Z
normal sets,binder,Honest Work,TLA,Avatar: The Last Airbender,55,normal,uncommon,1,109439,57e0ccb0-22f0-4e4d-9a47-c4fec2c7f251,0.13,false,false,near_mint,de,EUR,2025-11-17T19:13:08.186Z
normal sets,binder,Platypus-Bear,TLA,Avatar: The Last Airbender,236,normal,common,1,109474,7ebf742a-3995-4b22-9dc7-b05f57889683,0.25,false,false,near_mint,de,EUR,2025-11-17T19:13:08.186Z
normal sets,binder,Earthbending Lesson,TLA,Avatar: The Last Airbender,176,normal,common,2,108142,eccd63b3-3a3a-4661-9d6e-fb8152429bdb,0.12,false,false,near_mint,de,EUR,2025-11-17T19:13:08.186Z
normal sets,binder,Glider Kids,TLA,Avatar: The Last Airbender,21,normal,common,3,108154,0613afb5-4cee-4132-8adf-404767ed8d07,0.17,false,false,near_mint,de,EUR,2025-11-17T19:13:08.186Z
normal sets,binder,Geyser Leaper,TLA,Avatar: The Last Airbender,52,normal,common,2,108205,4d25428d-e5a5-43c4-8544-43120ed1c4d5,0.02,false,false,near_mint,de,EUR,2025-11-17T19:13:08.186Z
normal sets,binder,Canyon Crawler,TLA,Avatar: The Last Airbender,90,normal,common,3,109668,30a30bfb-f0f3-425b-b37d-20079ee27046,0.17,false,false,near_mint,de,EUR,2025-11-17T19:13:08.186Z
normal sets,binder,"Aang, at the Crossroads // Aang, Destined Savior",TLA,Avatar: The Last Airbender,203,normal,rare,1,109588,fea89ca0-8070-4f28-9851-994314f9d248,0.49,false,false,near_mint,de,EUR,2025-11-17T19:13:08.186Z
normal sets,binder,Lightning Strike,TLA,Avatar: The Last Airbender,146,normal,common,3,108213,5787b0e0-9469-4a6d-8b81-c992628e28c0,0.16,false,false,near_mint,de,EUR,2025-11-17T19:13:08.186Z
normal sets,binder,Otter-Penguin,TLA,Avatar: The Last Airbender,67,normal,common,3,108200,480b6279-bb34-4b3f-a639-868b52af92b9,0.1,false,false,near_mint,de,EUR,2025-11-17T19:13:08.186Z
normal sets,binder,Fire Lord Zuko,TLA,Avatar: The Last Airbender,221,normal,rare,1,108140,e62d3bcc-7bb4-42be-90a9-caf3c1caa29d,0.11,false,false,near_mint,de,EUR,2025-11-17T20:23:30.475Z
normal sets,binder,The Walls of Ba Sing Se,TLA,Avatar: The Last Airbender,261,normal,mythic,1,109655,24a14ac5-0b7e-4441-9963-782a7cda3f4a,8.11,false,false,near_mint,de,EUR,2025-11-17T20:23:30.475Z
normal sets,binder,"Azula, Cunning Usurper",TLA,Avatar: The Last Airbender,208,normal,rare,1,109558,daf30e1c-436d-4f23-b1d2-570619a4b7f5,0.02,false,false,near_mint,de,EUR,2025-11-17T20:23:30.475Z
normal sets,binder,Wartime Protestors,TLA,Avatar: The Last Airbender,160,normal,rare,1,109924,bac81940-d717-49ff-83b2-16a22bb2c988,0.02,false,false,near_mint,de,EUR,2025-11-17T20:23:30.475Z
normal sets,binder,Mountain,TLA,Avatar: The Last Airbender,285,normal,common,3,108275,c44f81ca-f72f-445c-8901-3a894a2a47f9,0.13,false,false,near_mint,de,EUR,2025-11-17T20:23:30.475Z
normal sets,binder,Combustion Technique,TLA,Avatar: The Last Airbender,301,normal,uncommon,1,109641,17d97052-e153-42d8-beb6-6d85815c9b59,0.24,false,false,near_mint,de,EUR,2025-11-17T20:23:30.475Z
normal sets,binder,Earthbender Ascension,TLA,Avatar: The Last Airbender,175,normal,rare,2,109704,590a58ab-5e98-4031-8aa6-ce396dc1429f,0.87,false,false,near_mint,de,EUR,2025-11-17T20:23:30.475Z
normal sets,binder,"Momo, Friendly Flier",TLA,Avatar: The Last Airbender,29,normal,rare,1,108136,c472ef84-a632-4ad7-853c-60588a7a4b12,0.17,false,false,near_mint,de,EUR,2025-11-17T20:23:30.475Z
normal sets,binder,"Koh, the Face Stealer",TLA,Avatar: The Last Airbender,322,normal,mythic,1,109778,b3bf2ebe-336a-4b9a-9134-4e3efbcafdd2,14.95,false,false,near_mint,de,EUR,2025-11-17T20:23:30.475Z
normal sets,binder,Allies at Last,TLA,Avatar: The Last Airbender,164,normal,uncommon,2,109381,11a77897-2aba-4a9b-bbe6-1768ca9f12cb,0.16,false,false,near_mint,de,EUR,2025-11-17T20:23:30.475Z
normal sets,binder,Wolfbat,TLA,Avatar: The Last Airbender,122,normal,uncommon,1,109666,2ae83b4e-e5a4-4c98-8d16-eef3c71b8ff2,0.17,false,false,near_mint,de,EUR,2025-11-17T20:23:30.475Z
normal sets,binder,"Aang, the Last Airbender",TLA,Avatar: The Last Airbender,4,normal,uncommon,1,108175,245e008c-e073-443f-9592-6f628c0026ec,0.15,false,false,near_mint,de,EUR,2025-11-17T20:23:30.475Z
normal sets,binder,Pillar Launch,TLA,Avatar: The Last Airbender,189,normal,common,2,108303,f177e9cc-0c41-417d-9215-5ff23a1a0657,0.1,false,false,near_mint,de,EUR,2025-11-17T20:23:30.475Z
normal sets,binder,Rowdy Snowballers,TLA,Avatar: The Last Airbender,68,normal,common,2,108165,17d71522-b133-4003-b787-0c742a2fd70e,0.2,false,false,near_mint,de,EUR,2025-11-17T20:23:30.475Z
normal sets,binder,"Flopsie, Bumi's Buddy",TLA,Avatar: The Last Airbender,179,normal,uncommon,2,108156,082f4abc-c09f-42cf-977f-060875dfd411,0.1,false,false,near_mint,de,EUR,2025-11-17T20:23:30.475Z
normal sets,binder,Vengeful Villagers,TLA,Avatar: The Last Airbender,40,normal,uncommon,1,109743,8cabb6ed-5c80-4dab-b96c-9d4d9fe72db7,0.08,false,false,near_mint,de,EUR,2025-11-17T20:23:30.475Z
normal sets,binder,"Jeong Jeong, the Deserter",TLA,Avatar: The Last Airbender,142,normal,uncommon,2,109510,a9f63d3b-bee5-48bc-8b04-d8b24b0bda6e,0.24,false,false,near_mint,de,EUR,2025-11-17T20:23:30.475Z
normal sets,binder,Corrupt Court Official,TLA,Avatar: The Last Airbender,92,normal,common,2,108198,4692610e-d64c-438e-b5ad-0cf67fd57f1f,0.09,false,false,near_mint,de,EUR,2025-11-17T20:23:30.475Z
normal sets,binder,Cunning Maneuver,TLA,Avatar: The Last Airbender,130,normal,common,2,109380,0ff7c993-ba29-43b0-9639-7c4bc0292fa2,0.1,false,false,near_mint,de,EUR,2025-11-17T20:23:30.475Z
normal sets,binder,Fatal Fissure,TLA,Avatar: The Last Airbender,97,normal,uncommon,1,109671,3343933d-4425-4ede-8d92-876bd0c6df60,0.08,false,false,near_mint,de,EUR,2025-11-17T20:23:30.475Z
normal sets,binder,Energybending,TLA,Avatar: The Last Airbender,2,normal,uncommon,1,109456,6c085441-e023-4032-89a0-d24ce5060ac3,0.06,false,false,near_mint,de,EUR,2025-11-17T20:23:30.475Z
normal sets,binder,Earth Rumble Wrestlers,TLA,Avatar: The Last Airbender,218,normal,common,1,109466,74fca0b8-12e1-405f-b999-160d65fe0ade,0.04,false,false,near_mint,de,EUR,2025-11-17T20:23:30.475Z
normal sets,binder,Origin of Metalbending,TLA,Avatar: The Last Airbender,187,normal,common,1,109400,25749f9a-260d-4bdc-bd28-429c12faa4a5,0.15,false,false,near_mint,de,EUR,2025-11-17T20:23:30.475Z
normal sets,binder,Watery Grasp,TLA,Avatar: The Last Airbender,82,normal,common,1,108177,26bcff57-428e-4f30-a153-a778fbfc437d,0.16,false,false,near_mint,de,EUR,2025-11-17T20:23:30.475Z
normal sets,binder,Foggy Swamp Hunters,TLA,Avatar: The Last Airbender,101,normal,common,1,109689,3f6e5869-ca25-4b98-a844-8a498cb40aab,0.05,false,false,near_mint,de,EUR,2025-11-17T20:23:30.475Z
normal sets,binder,Mongoose Lizard,TLA,Avatar: The Last Airbender,148,normal,common,2,108232,7d40b9cb-82ef-44c5-8d3c-c8bb4ce9891c,0.1,false,false,near_mint,de,EUR,2025-11-17T20:23:30.475Z
normal sets,binder,Air Nomad Legacy,TLA,Avatar: The Last Airbender,206,normal,uncommon,1,109635,10874416-fa4c-4aa3-b885-4351d011d208,0.21,false,false,near_mint,de,EUR,2025-11-17T20:23:30.475Z
normal sets,binder,Turtle-Duck,TLA,Avatar: The Last Airbender,200,normal,common,1,108264,aefcd734-3916-4c77-9d98-3ea2c2795658,0.16,false,false,near_mint,de,EUR,2025-11-17T20:23:30.475Z
normal sets,binder,Kyoshi Warriors,TLA,Avatar: The Last Airbender,26,normal,common,1,109651,211045e1-85c7-4088-b830-a2afa0fe520b,0.12,false,false,near_mint,de,EUR,2025-11-17T20:23:30.475Z
normal sets,binder,Waterbending Lesson,TLA,Avatar: The Last Airbender,80,normal,common,1,108207,4f81e3b5-a0a9-4764-8c2d-b499ce1740b4,0.1,false,false,near_mint,de,EUR,2025-11-17T20:23:30.475Z
normal sets,binder,Hog-Monkey,TLA,Avatar: The Last Airbender,104,normal,common,2,108206,4f442970-5355-4abf-8684-17daaa8e469b,0.13,false,false,near_mint,de,EUR,2025-11-17T20:23:30.475Z
normal sets,binder,Ally,TTLA,Avatar: The Last Airbender Tokens,4,normal,common,1,109995,f842c52a-04b6-4625-ba58-45b043ada340,,false,false,near_mint,de,EUR,2025-11-17T20:23:30.475Z
normal sets,binder,Benevolent River Spirit,TLA,Avatar: The Last Airbender,45,normal,uncommon,1,109731,7ffb79cd-d170-4047-89c8-6e85188f30da,0.16,false,false,near_mint,de,EUR,2025-11-17T20:23:30.475Z
normal sets,binder,Rockalanche,TLA,Avatar: The Last Airbender,192,normal,uncommon,1,109701,52b213d3-6f68-43e6-91e9-435d8fe1f34c,0.15,false,false,near_mint,de,EUR,2025-11-17T20:23:30.475Z
normal sets,binder,"Mai, Jaded Edge",TLA,Avatar: The Last Airbender,147,normal,uncommon,2,109463,732e6bc9-0798-4c00-aea0-5ef4298b45f5,0.09,false,false,near_mint,de,EUR,2025-11-17T20:23:30.475Z
normal sets,binder,Boar-q-pine,TLA,Avatar: The Last Airbender,124,normal,common,2,109629,087a445c-5f63-45d6-83e8-20d22650db20,0.17,false,false,near_mint,de,EUR,2025-11-17T20:23:30.475Z
normal sets,binder,Omashu City,TLA,Avatar: The Last Airbender,275,normal,common,1,109535,c21e413b-96ed-4ded-b567-f1647074ce5f,0.11,false,false,near_mint,de,EUR,2025-11-17T20:23:30.475Z
normal sets,binder,United Front,TLA,Avatar: The Last Airbender,39,normal,mythic,1,109547,d347caf8-0c12-401f-9e33-9978cb347f89,2.06,false,false,near_mint,de,EUR,2025-11-17T20:23:30.475Z
normal sets,binder,"Appa, Steadfast Guardian",TLA,Avatar: The Last Airbender,10,normal,mythic,1,108127,829d91e9-4878-4e55-a262-ac0d55b65d4e,4.59,false,false,near_mint,de,EUR,2025-11-17T20:23:30.475Z
normal sets,binder,Firebender Ascension,TLA,Avatar: The Last Airbender,312,foil,rare,1,109368,05309d0b-302d-4a9e-b147-1b504ecf365e,1.6,false,false,near_mint,de,EUR,2025-11-17T20:23:30.475Z
normal sets,binder,Spirit Water Revival,TLA,Avatar: The Last Airbender,73,normal,rare,1,109376,0c019e76-c88e-4d1b-a546-0f4e462ef44a,1.46,false,false,near_mint,de,EUR,2025-11-17T20:23:30.475Z
normal sets,binder,"Valakut, the Molten Pinnacle",TLE,Avatar: The Last Airbender Eternal,61,normal,mythic,1,109350,d95cd0be-5a70-4402-8e53-04151d6652e1,19.95,false,false,near_mint,de,EUR,2025-11-17T20:23:30.475Z
normal sets,binder,"Katara, Bending Prodigy",TLA,Avatar: The Last Airbender,59,normal,uncommon,1,108294,e8372167-383f-4302-a8ea-b6bf495c870c,0.13,false,false,near_mint,de,EUR,2025-11-17T20:23:30.475Z
normal sets,binder,Foggy Swamp Visions,TLA,Avatar: The Last Airbender,102,normal,rare,1,109415,3a46deaa-88f7-4eec-aa99-b85073847918,0.02,false,false,near_mint,de,EUR,2025-11-17T20:23:30.475Z
normal sets,binder,"Toph, the First Metalbender",TLA,Avatar: The Last Airbender,247,normal,rare,1,108122,70b6670f-a9fa-4d75-b0a7-c01b5071a514,3.22,false,false,near_mint,de,EUR,2025-11-17T20:23:30.475Z
normal sets,binder,"Aang, Swift Savior // Aang and La, Ocean's Fury",TLA,Avatar: The Last Airbender,204,normal,rare,1,109477,82866a0e-485a-4f7e-8c49-f7d9ff3f4ad4,2.07,false,false,near_mint,de,EUR,2025-11-17T20:23:30.475Z
normal sets,binder,Ruinous Waterbending,TLA,Avatar: The Last Airbender,118,normal,uncommon,1,109702,53161747-c82b-41e8-90ea-7791ea262a85,0.14,false,false,near_mint,de,EUR,2025-11-17T20:23:30.475Z
normal sets,binder,Ozai's Cruelty,TLA,Avatar: The Last Airbender,113,normal,uncommon,3,108173,22cad680-d46a-4589-a633-b6ee9a78d61e,0.14,false,false,near_mint,de,EUR,2025-11-17T20:23:30.475Z
normal sets,binder,"Zuko, Exiled Prince",TLA,Avatar: The Last Airbender,163,normal,uncommon,3,108221,6a73b372-9c0e-4a85-89d2-440163330687,0.12,false,false,near_mint,de,EUR,2025-11-17T20:23:30.475Z
normal sets,binder,Ba Sing Se,TLA,Avatar: The Last Airbender,266,normal,rare,1,109786,bdf3b2be-d0cd-4a3c-a10e-82d32c12d3bd,0.77,false,false,near_mint,de,EUR,2025-11-17T20:30:28.019Z
normal sets,binder,"Sokka, Lateral Strategist",TLA,Avatar: The Last Airbender,241,normal,uncommon,1,108161,1326c5db-4615-495f-8e30-376243d91352,0.18,false,false,near_mint,de,EUR,2025-11-17T20:30:28.019Z
normal sets,binder,Foggy Swamp Spirit Keeper,TLA,Avatar: The Last Airbender,222,normal,uncommon,1,109541,cd624be9-e960-4485-a8a9-2d5f2dd51777,0.14,false,false,near_mint,de,EUR,2025-11-17T20:30:28.019Z
normal sets,binder,Forest,TLA,Avatar: The Last Airbender,286,normal,common,2,108256,a305e44f-4253-4754-b83f-1e34103d77b0,0.15,false,false,near_mint,de,EUR,2025-11-17T20:30:28.019Z
normal sets,binder,Mountain,TLA,Avatar: The Last Airbender,290,normal,common,3,108141,ea96ecc4-72f3-46a4-8900-6a7c5a83d4df,0.49,false,false,near_mint,de,EUR,2025-11-17T20:30:28.019Z
normal sets,binder,Destined Confrontation,TLA,Avatar: The Last Airbender,15,normal,uncommon,1,109803,d4605cf7-03bc-4a7f-b50a-49b83b09b54d,0.22,false,false,near_mint,de,EUR,2025-11-17T20:30:28.019Z
normal sets,binder,"Hakoda, Selfless Commander",TLA,Avatar: The Last Airbender,23,normal,rare,1,109921,9aef3ddb-9bb7-42c8-975b-b1917955a416,0.02,false,false,near_mint,de,EUR,2025-11-17T20:30:28.019Z
normal sets,binder,Fancy Footwork,TLA,Avatar: The Last Airbender,19,normal,uncommon,1,109500,9c59f8c5-4063-4e5a-b684-fde175c4a981,0.13,false,false,near_mint,de,EUR,2025-11-17T20:30:28.019Z
normal sets,binder,"Hei Bai, Spirit of Balance",TLA,Avatar: The Last Airbender,225,normal,uncommon,1,108153,060d24e0-1567-41f1-ae8c-2d3b1834df3c,0.1,false,false,near_mint,de,EUR,2025-11-17T20:30:28.019Z
normal sets,binder,Earth Kingdom Jailer,TLA,Avatar: The Last Airbender,16,normal,uncommon,1,109746,9207362c-3605-4794-803f-ad1d0175fcca,0.21,false,false,near_mint,de,EUR,2025-11-17T20:30:28.019Z
normal sets,binder,Serpent of the Pass,TLA,Avatar: The Last Airbender,70,normal,uncommon,1,108237,87595843-15bc-48bb-8a81-3e6ad924ed44,0.17,false,false,near_mint,de,EUR,2025-11-17T20:30:28.019Z
normal sets,binder,Earth Kingdom General,TLA,Avatar: The Last Airbender,173,normal,uncommon,1,109481,8688fce5-74b1-41e1-a59a-05a3878a75cb,0.08,false,false,near_mint,de,EUR,2025-11-17T20:30:28.019Z
normal sets,binder,Meteor Sword,TLA,Avatar: The Last Airbender,258,normal,uncommon,1,109712,68b1c746-a4b8-4a45-9f0e-3962f0ae40e3,0.13,false,false,near_mint,de,EUR,2025-11-17T20:30:28.019Z
normal sets,binder,Invasion Tactics,TLA,Avatar: The Last Airbender,183,normal,uncommon,1,109403,27c6330d-49f6-4707-b4d4-d1411fa422eb,0.19,false,false,near_mint,de,EUR,2025-11-17T20:30:28.019Z
normal sets,binder,Cat-Gator,TLA,Avatar: The Last Airbender,91,normal,uncommon,1,108298,ec83a825-79e6-42a4-919c-3bc498ff4433,0.18,false,false,near_mint,de,EUR,2025-11-17T20:30:28.019Z
normal sets,binder,Walltop Sentries,TLA,Avatar: The Last Airbender,202,normal,common,1,109818,e55f1c63-58f6-4e2b-aaeb-f2d5faca47a2,0.22,false,false,near_mint,de,EUR,2025-11-17T20:30:28.019Z
normal sets,binder,Zuko's Exile,TLA,Avatar: The Last Airbender,3,normal,common,1,109489,9090b055-3406-4fed-a8c6-3f6353a9600e,0.11,false,false,near_mint,de,EUR,2025-11-17T20:30:28.019Z
normal sets,binder,Firebending Student,TLA,Avatar: The Last Airbender,393,foil,rare,1,109470,79d1889c-4b3d-47d4-847e-4343cdaf9750,1.67,false,false,near_mint,de,EUR,2025-11-17T20:30:28.019Z
normal sets,binder,"Momo, Friendly Flier",TLA,Avatar: The Last Airbender,394,foil,rare,1,109505,a7b91b5f-815c-4bdc-97e4-dc7bc8ed29c0,,false,false,near_mint,de,EUR,2025-11-17T20:44:40.098Z
normal sets,binder,Plains,TLA,Avatar: The Last Airbender,287,normal,common,1,108129,8a880169-41ca-4507-83fd-306a489d31ce,0.5,false,false,near_mint,de,EUR,2025-11-17T20:44:40.098Z
normal sets,binder,Firebending Student,TLA,Avatar: The Last Airbender,139,normal,rare,1,109416,3b366f59-16fe-43cb-888d-1f93ef8fd332,1.11,false,false,near_mint,de,EUR,2025-11-17T20:44:40.098Z
normal sets,binder,Cruel Administrator,TLA,Avatar: The Last Airbender,213,normal,uncommon,1,109753,9d70707b-2e25-40b1-80a8-9a5492bca7e2,0.17,false,false,near_mint,de,EUR,2025-11-17T20:44:40.098Z
normal sets,binder,Day of Black Sun,TLA,Avatar: The Last Airbender,94,normal,rare,1,109544,d0e24797-3e45-4c2b-b4b0-1ef44d42eaee,0.94,false,false,near_mint,de,EUR,2025-11-17T20:44:40.098Z
normal sets,binder,"Azula, On the Hunt",TLA,Avatar: The Last Airbender,85,normal,uncommon,1,109383,1335a145-248a-4f1e-8760-9a5d531e14e3,0.14,false,false,near_mint,de,EUR,2025-11-17T20:44:40.098Z
normal sets,binder,"Lo and Li, Twin Tutors",TLA,Avatar: The Last Airbender,108,normal,uncommon,1,109794,cba9260d-ef07-4429-99f9-6004cc1fea0f,0.1,false,false,near_mint,de,EUR,2025-11-17T20:44:40.098Z
normal sets,binder,Island,TLA,Avatar: The Last Airbender,283,normal,common,2,108255,a2e22347-f0cb-4cfd-88a3-4f46a16e4946,0.14,false,false,near_mint,de,EUR,2025-11-17T20:44:40.098Z
normal sets,binder,Swamp,TLA,Avatar: The Last Airbender,284,normal,common,2,108302,f0b234d8-d6bb-48ec-8a4d-d8a570a69c62,0.2,false,false,near_mint,de,EUR,2025-11-17T20:44:40.098Z
normal sets,binder,Island,TLA,Avatar: The Last Airbender,288,normal,common,2,108138,d894c61a-4062-442e-8ead-5197c3bffd00,0.61,false,false,near_mint,de,EUR,2025-11-17T20:44:40.098Z
normal sets,binder,Forest,TLA,Avatar: The Last Airbender,291,normal,common,2,108103,05683891-cdd4-4401-b7d5-0ef17e79c699,0.47,false,false,near_mint,de,EUR,2025-11-17T20:44:40.098Z
normal sets,binder,Boiling Rock Prison,TLA,Avatar: The Last Airbender,267,normal,common,2,109390,1c2e2220-54d1-4180-93a0-964e3b0ba8b8,0.1,false,false,near_mint,de,EUR,2025-11-17T20:44:40.098Z
normal sets,binder,Cheering Crowd,SPM,Marvel's Spider-Man,126,normal,rare,1,108524,5fbce72f-e9a1-4d9f-b9b3-24dbafeef841,0.16,false,false,near_mint,de,EUR,2025-12-10T20:18:16.459Z
normal sets,binder,"Spider-Rex, Daring Dino",SPM,Marvel's Spider-Man,116,normal,common,1,107636,5b6e0bea-f126-4adb-8808-901950a77c7b,0.08,false,false,near_mint,de,EUR,2025-12-10T20:18:16.459Z
normal sets,binder,Goblin Bombardment,MAR,Marvel Universe,23,normal,mythic,1,108542,7ebd1f51-2db6-4c3f-95cb-8035a410a8e8,3.54,false,false,near_mint,de,EUR,2025-12-10T20:18:16.459Z
normal sets,binder,"Sandman, Shifting Scoundrel",SPM,Marvel's Spider-Man,112,normal,rare,1,108446,609ac18c-ec58-4fa7-bbee-3912a69d0ec6,0.4,false,false,near_mint,de,EUR,2025-12-10T20:18:16.459Z
normal sets,binder,"Iron Spider, Stark Upgrade",SPM,Marvel's Spider-Man,166,normal,rare,1,107873,8da5f34e-7f40-406a-88d2-bb1e3ed25200,0.66,false,false,near_mint,de,EUR,2025-12-10T20:18:16.459Z
normal sets,binder,Masked Meower,SPM,Marvel's Spider-Man,82,normal,common,1,107643,6aa0dc1f-6c83-4ac9-b4f2-428e0e0bbf88,0.13,false,false,near_mint,de,EUR,2025-12-10T20:18:16.459Z
normal sets,binder,Bagel and Schmear,SPM,Marvel's Spider-Man,161,normal,common,1,108544,7f927f72-fc9b-444f-9e0e-78a5e8e7bcaa,0.07,false,false,near_mint,de,EUR,2025-12-10T20:18:16.459Z
normal sets,binder,Spider,TSPM,Marvel's Spider-Man Tokens,3,normal,common,1,108635,4a40f6e1-3545-4503-af3e-f0acfb735e3a,,false,false,near_mint,de,EUR,2025-12-10T20:18:16.459Z
normal sets,binder,Human Citizen,TSPM,Marvel's Spider-Man Tokens,4,normal,common,1,108633,398fbcd8-fac7-4396-9c69-5c72695121a9,,false,false,near_mint,de,EUR,2025-12-10T20:18:16.459Z
normal sets,binder,Food,TSPM,Marvel's Spider-Man Tokens,5,normal,common,1,108616,0fb2c5a4-859e-40ac-8091-7ba44f57b878,,false,false,near_mint,de,EUR,2025-12-10T20:18:16.459Z
normal sets,binder,Robot,TSPM,Marvel's Spider-Man Tokens,6,normal,common,1,108618,15796c4b-6041-4e0a-bc4f-0518d165549e,,false,false,near_mint,de,EUR,2025-12-10T20:18:16.459Z
normal sets,binder,Secret Identity,SPM,Marvel's Spider-Man,43,normal,uncommon,1,108632,37a31d84-e87b-406e-9249-fae1b5e23e72,0.12,false,false,near_mint,de,EUR,2025-12-10T20:18:16.459Z
normal sets,binder,Costume Closet,SPM,Marvel's Spider-Man,5,normal,uncommon,1,108466,cc641f4a-ddbe-4f7d-bb55-eabf11f8b7fb,0.06,false,false,near_mint,de,EUR,2025-12-10T20:18:16.459Z
normal sets,binder,Wisecrack,SPM,Marvel's Spider-Man,98,normal,uncommon,1,108648,8f452dac-bf22-4010-8a10-3c1cfa7d4df6,0.03,false,false,near_mint,de,EUR,2025-12-10T20:18:16.459Z
normal sets,binder,Spider-Bot,SPM,Marvel's Spider-Man,173,normal,common,1,107619,24df824a-c1d6-4f09-b866-313b31fec5fb,0.06,false,false,near_mint,de,EUR,2025-12-10T20:18:16.459Z
normal sets,binder,Whoosh!,SPM,Marvel's Spider-Man,48,normal,common,1,107673,ccc05deb-ad8d-4fae-a7a4-2b2a118fc696,0.04,false,false,near_mint,de,EUR,2025-12-10T20:18:16.459Z
normal sets,binder,Spider-Islanders,SPM,Marvel's Spider-Man,91,normal,common,1,107672,c9132e45-4ddb-4565-ac45-86f1ecc6230d,0.05,false,false,near_mint,de,EUR,2025-12-10T20:18:16.459Z
normal sets,binder,Venom's Hunger,SPM,Marvel's Spider-Man,73,normal,common,1,107611,01d276cd-e4ad-488f-8447-004aefad1ebb,0.03,false,false,near_mint,de,EUR,2025-12-10T20:18:16.459Z
normal sets,binder,Kraven's Cats,SPM,Marvel's Spider-Man,104,normal,common,1,107649,86c415d8-1d2d-4339-955b-0f2aebeb3c95,0.09,false,false,near_mint,de,EUR,2025-12-10T20:18:16.459Z
normal sets,binder,Amazing Acrobatics,SPM,Marvel's Spider-Man,25,normal,common,1,108554,9a2f6d84-3d83-4f48-9906-11f681171930,0.07,false,false,near_mint,de,EUR,2025-12-10T20:18:16.459Z
normal sets,binder,Pumpkin Bombardment,SPM,Marvel's Spider-Man,139,normal,common,1,108559,a268ad73-9a1f-47d9-9a85-a4669a769c3d,0.06,false,false,near_mint,de,EUR,2025-12-10T20:18:16.459Z
normal sets,binder,Swamp,SPM,Marvel's Spider-Man,196,normal,common,1,107661,a7150a6e-240f-4628-acdc-153d404370ff,0.16,false,false,near_mint,de,EUR,2025-12-10T20:18:16.459Z
normal sets,binder,Web-Shooters,SPM,Marvel's Spider-Man,22,normal,uncommon,1,108556,a0ca1108-6d99-4dc2-96ab-7728d65b0c06,0.06,false,false,near_mint,de,EUR,2025-12-10T20:18:16.459Z
normal sets,binder,"Vulture, Scheming Scavenger",SPM,Marvel's Spider-Man,158,normal,uncommon,1,108471,e29281be-e722-4149-93a0-6dd3f0f64253,0.04,false,false,near_mint,de,EUR,2025-12-10T20:18:16.459Z
normal sets,binder,"Spider-Slayer, Hatred Honed",SPM,Marvel's Spider-Man,175,normal,uncommon,1,108655,ac37ca6f-a6ee-4dfb-949f-2562f98d09d0,0.05,false,false,near_mint,de,EUR,2025-12-10T20:18:16.459Z
normal sets,binder,"Spider-Gwen, Free Spirit",SPM,Marvel's Spider-Man,90,normal,common,1,107626,3bc04fa7-6265-4549-91f6-eebdcd67398a,0.05,false,false,near_mint,de,EUR,2025-12-10T20:18:16.459Z
normal sets,binder,"Venom, Evil Unleashed",SPM,Marvel's Spider-Man,71,normal,common,1,107664,ab3d51a4-40f0-4606-b5f9-2686c12fd54b,0.05,false,false,near_mint,de,EUR,2025-12-10T20:18:16.459Z
normal sets,binder,Professional Wrestler,SPM,Marvel's Spider-Man,110,normal,common,1,108548,8a5381e7-ddda-47e7-886d-812250ffb745,0.07,false,false,near_mint,de,EUR,2025-12-10T20:18:16.459Z
normal sets,binder,Mechanical Mobster,SPM,Marvel's Spider-Man,168,normal,common,1,107644,6c6d9ecc-2dd1-471a-8678-a2461b1084fa,0.07,false,false,near_mint,de,EUR,2025-12-10T20:18:16.459Z
normal sets,binder,"Beetle, Legacy Criminal",SPM,Marvel's Spider-Man,26,normal,common,1,107658,a194f930-c99f-4915-8a62-e20ab2b4ad1f,0.05,false,false,near_mint,de,EUR,2025-12-10T20:18:16.459Z
normal sets,binder,Web Up,SPM,Marvel's Spider-Man,21,normal,common,1,107616,1ab7c1e6-54af-4002-8a81-23a1ccafa3ff,0.08,false,false,near_mint,de,EUR,2025-12-10T20:18:16.459Z
normal sets,binder,Island,SPM,Marvel's Spider-Man,190,normal,common,1,107884,d59cb0b5-fd4f-4dde-a69f-7ca6aa12b89f,0.26,false,false,near_mint,de,EUR,2025-12-10T20:18:16.459Z
normal sets,binder,"Scorpion, Seething Striker",SPM,Marvel's Spider-Man,64,normal,uncommon,1,107675,cf407e08-b27f-42ba-b824-75846a80e238,0.06,false,false,near_mint,de,EUR,2025-12-10T20:18:16.459Z
normal sets,binder,Wall Crawl,SPM,Marvel's Spider-Man,121,normal,uncommon,1,108650,97a2a1ab-57ec-4210-9412-765ae4f02db0,0.05,false,false,near_mint,de,EUR,2025-12-10T20:18:16.459Z
normal sets,binder,Spider-Suit,SPM,Marvel's Spider-Man,176,normal,uncommon,1,108437,436527ec-5af4-4b6d-a5a0-d21fc466a625,0.06,false,false,near_mint,de,EUR,2025-12-10T20:18:16.459Z
normal sets,binder,"Rhino, Barreling Brute",SPM,Marvel's Spider-Man,140,normal,uncommon,1,108440,4b8ac400-1e98-49fc-94be-00386d15f2ae,0.08,false,false,near_mint,de,EUR,2025-12-10T20:18:16.459Z
normal sets,binder,Alien Symbiosis,SPM,Marvel's Spider-Man,50,normal,uncommon,1,108656,b898ccb7-758e-4f11-95e0-b412721d8bf9,0.09,false,false,near_mint,de,EUR,2025-12-10T20:18:16.459Z
normal sets,binder,Eerie Gravestone,SPM,Marvel's Spider-Man,163,normal,common,1,107646,7675e91f-dba7-4e64-a7ff-1dd56665a4cc,0.06,false,false,near_mint,de,EUR,2025-12-10T20:18:16.459Z
normal sets,binder,Lurking Lizards,SPM,Marvel's Spider-Man,107,normal,common,1,107634,58b5b49c-ddd6-4d1b-9b61-6e02d8fc55ad,0.08,false,false,near_mint,de,EUR,2025-12-10T20:18:16.459Z
normal sets,binder,Skyward Spider,SPM,Marvel's Spider-Man,146,normal,common,1,108599,f5cbb580-cd02-4c60-acb7-b7ed1f1fce59,0.09,false,false,near_mint,de,EUR,2025-12-10T20:18:16.459Z
normal sets,binder,"Spider-Man, Web-Slinger",SPM,Marvel's Spider-Man,16,normal,common,1,107651,897418bc-df8c-4c97-b6bf-7c9133a8a577,0.1,false,false,near_mint,de,EUR,2025-12-10T20:18:16.459Z
normal sets,binder,Pictures of Spider-Man,SPM,Marvel's Spider-Man,109,normal,uncommon,1,108470,e1ec41d4-0180-42f7-9c54-f3c39b4ffb8d,0.09,false,false,near_mint,de,EUR,2025-12-10T20:18:16.459Z
normal sets,binder,Superior Foes of Spider-Man,SPM,Marvel's Spider-Man,96,normal,uncommon,1,108625,28e7bf86-5791-4412-8184-fa63fb292be4,0.14,false,false,near_mint,de,EUR,2025-12-10T20:18:16.459Z
normal sets,binder,Guy in the Chair,SPM,Marvel's Spider-Man,102,normal,common,1,107641,65e97c06-55a6-4841-be0f-055c015df90a,0.07,false,false,near_mint,de,EUR,2025-12-10T20:18:16.459Z
normal sets,binder,Vibrant Cityscape,SPM,Marvel's Spider-Man,188,normal,common,1,108555,9c110fa1-2320-4652-b282-ed064a9ec9a9,0.15,false,false,near_mint,de,EUR,2025-12-10T20:18:16.459Z
normal sets,binder,Mysterio's Phantasm,SPM,Marvel's Spider-Man,38,normal,common,1,108643,79aa0a78-80a2-44be-8a79-92bcba9c040f,0.04,false,false,near_mint,de,EUR,2025-12-10T20:18:16.459Z
normal sets,binder,Shock,SPM,Marvel's Spider-Man,88,normal,common,1,107645,760b41a1-c087-4b11-b8a0-fb01d8a4c0c6,0.06,false,false,near_mint,de,EUR,2025-12-10T20:18:16.459Z
normal sets,binder,"Starling, Aerial Ally",SPM,Marvel's Spider-Man,18,normal,common,2,107667,babbf53d-3e10-4110-8725-91f766c8cdad,0.03,false,false,near_mint,de,EUR,2025-12-10T20:18:16.459Z
normal sets,binder,University Campus,SPM,Marvel's Spider-Man,186,normal,common,2,108624,2752f21c-f535-4772-a8b3-e97e1339e9c9,0.12,false,false,near_mint,de,EUR,2025-12-10T20:18:16.459Z
normal sets,binder,City Pigeon,SPM,Marvel's Spider-Man,4,normal,common,2,108442,56d67fb4-5b23-432c-9ffb-39545035c117,0.14,false,false,near_mint,de,EUR,2025-12-10T20:18:16.459Z
normal sets,binder,Angry Rabble,SPM,Marvel's Spider-Man,75,normal,common,2,107654,938730fa-496f-4871-80ec-3e9843ecb219,0.08,false,false,near_mint,de,EUR,2025-12-10T20:18:16.459Z
normal sets,binder,Spider Manifestation,SPM,Marvel's Spider-Man,148,normal,common,2,108553,99223677-b8a5-48f1-8009-e8475eada7db,0.11,false,false,near_mint,de,EUR,2025-12-10T20:18:16.459Z
normal sets,binder,Merciless Enforcers,SPM,Marvel's Spider-Man,58,normal,common,1,107686,fba9c76c-1432-4554-88bd-3f5e8709a963,0.09,false,false,near_mint,de,EUR,2025-12-10T20:22:02.628Z
normal sets,binder,Murder,ACR,Assassin's Creed,92,normal,uncommon,2,95422,86d73f4c-0bbd-4616-81a6-102db6cd7db9,0.07,false,false,near_mint,de,EUR,2025-12-10T20:26:42.540Z
normal sets,binder,Poison-Blade Mentor,ACR,Assassin's Creed,288,normal,uncommon,2,95518,e3efb96a-a722-493a-be0e-a64583f8c3df,0.22,false,false,near_mint,de,EUR,2025-12-10T20:26:42.540Z
normal sets,binder,Brotherhood Patriarch,ACR,Assassin's Creed,286,normal,common,2,95380,5b79ee23-d917-48f3-b014-d513f1c5ff54,0.14,false,false,near_mint,de,EUR,2025-12-10T20:26:42.540Z
normal sets,binder,Assassin Den,ACR,Assassin's Creed,281,normal,uncommon,2,95529,ef45be55-42d7-475c-b405-78e856530277,0.15,false,false,near_mint,de,EUR,2025-12-10T20:26:42.540Z
normal sets,binder,Hookblade Veteran,ACR,Assassin's Creed,283,normal,common,2,95373,551d1f1e-8bc0-4196-8998-0aa7db23b388,0.32,false,false,near_mint,de,EUR,2025-12-10T20:26:42.540Z
normal sets,binder,Auditore Ambush,ACR,Assassin's Creed,295,normal,rare,2,95407,7426f3dc-385b-42ea-85cb-853e6035ca6f,0.27,false,false,near_mint,de,EUR,2025-12-10T20:26:42.540Z
normal sets,binder,Island,ACR,Assassin's Creed,303,normal,common,11,95396,68dbf10c-a813-4f76-9066-b3cdd9cfd5d4,0.11,false,false,near_mint,de,EUR,2025-12-10T20:26:42.540Z
normal sets,binder,Swamp,ACR,Assassin's Creed,304,normal,common,11,95338,36aaa8d9-4b03-4dd2-9b3c-d8b3bf19da73,0.15,false,false,near_mint,de,EUR,2025-12-10T20:26:42.540Z
normal sets,binder,Spartan Veteran,ACR,Assassin's Creed,292,normal,common,2,95467,b16fba05-25d7-4495-a9f6-cec6b3aabbbd,0.08,false,false,near_mint,de,EUR,2025-12-10T20:26:42.540Z
normal sets,binder,Headsplitter,ACR,Assassin's Creed,289,normal,common,2,95379,59fcbf2a-46d5-4371-b4eb-a8dbebe18dcc,0.19,false,false,near_mint,de,EUR,2025-12-10T20:26:42.540Z
normal sets,binder,Battlefield Improvisation,ACR,Assassin's Creed,276,normal,common,2,95503,d2cf2cd1-f7b3-4a23-a23a-6eb0af5451cf,2.46,false,false,near_mint,de,EUR,2025-12-10T20:26:42.540Z
normal sets,binder,Raven Clan War-Axe,ACR,Assassin's Creed,297,normal,rare,2,95282,01de51d1-bbea-407c-b19e-dfef7fce1510,0.23,false,false,near_mint,de,EUR,2025-12-10T20:26:42.540Z
normal sets,binder,Assassin,TACR,Assassin's Creed Tokens,4,normal,common,3,95302,19cb2062-86f0-4ce3-b5fb-d3c310f36ec3,0.15,false,false,near_mint,de,EUR,2025-12-10T20:26:42.540Z
normal sets,binder,Treasure,TACR,Assassin's Creed Tokens,6,normal,common,3,95370,536a82d3-f5e2-46b7-969e-84683f937b38,0.2,false,false,near_mint,de,EUR,2025-12-10T20:26:42.540Z
normal sets,binder,Hired Blade,ACR,Assassin's Creed,299,normal,common,3,95460,ac703b47-398c-42cd-8d30-99c398cf734e,0.07,false,false,near_mint,de,EUR,2025-12-10T20:26:42.540Z
normal sets,binder,Submerged Boneyard,ACR,Assassin's Creed,301,normal,uncommon,3,95411,78f04f32-f672-443a-86c0-63f5f4747c67,0.06,false,false,near_mint,de,EUR,2025-12-10T20:26:42.540Z
normal sets,binder,Merciless Harlequin,ACR,Assassin's Creed,287,normal,common,3,95305,1bb19a35-7224-4fe2-a0c0-17b93d2837ad,0.26,false,false,near_mint,de,EUR,2025-12-10T20:26:42.540Z
normal sets,binder,Brotherhood Ambushers,ACR,Assassin's Creed,285,normal,uncommon,3,95429,91ef922e-81b4-47e6-bd37-8ec0cb29700a,0.14,false,false,near_mint,de,EUR,2025-12-10T20:26:42.540Z
normal sets,binder,Tranquilize,ACR,Assassin's Creed,284,normal,common,3,95386,60ad4bd6-c6a5-420f-8491-7696f9850a05,0.13,false,false,near_mint,de,EUR,2025-12-10T20:26:42.540Z
normal sets,binder,Brotherhood Spy,ACR,Assassin's Creed,282,normal,uncommon,3,95281,0157325c-b064-4c0a-9b5d-ecdf0ed15d9c,0.21,false,false,near_mint,de,EUR,2025-12-10T20:26:42.540Z
normal sets,binder,Stone Quarry,ACR,Assassin's Creed,300,normal,uncommon,3,95298,16e66e29-ef63-4faa-b60f-8a128800e093,0.14,false,false,near_mint,de,EUR,2025-12-10T20:26:42.540Z
normal sets,binder,Misthios's Fury,ACR,Assassin's Creed,291,normal,common,3,95517,e34a45ab-793e-4198-8327-e13287e0b74c,0.11,false,false,near_mint,de,EUR,2025-12-10T20:26:42.540Z
normal sets,binder,Labyrinth Adversary,ACR,Assassin's Creed,290,normal,uncommon,3,95512,ddc770fd-d513-420b-94f8-f2d28d8ed8d1,0.13,false,false,near_mint,de,EUR,2025-12-10T20:26:42.540Z
normal sets,binder,Bureau Headmaster,ACR,Assassin's Creed,296,normal,uncommon,3,95377,58766566-6e19-4f74-bfce-5a61429ffaa9,1.83,false,false,near_mint,de,EUR,2025-12-10T20:26:42.540Z
normal sets,binder,Plains,ACR,Assassin's Creed,302,normal,common,11,95511,dd3df51a-d173-44c8-9630-4652630cc544,0.14,false,false,near_mint,de,EUR,2025-12-10T20:26:42.540Z
normal sets,binder,Keen-Eyed Raven,ACR,Assassin's Creed,279,normal,uncommon,3,95546,fda99319-9312-42c4-adc0-77b49768d014,0.1,false,false,near_mint,de,EUR,2025-12-10T20:26:42.540Z
normal sets,binder,Detained by Legionnaires,ACR,Assassin's Creed,277,normal,common,3,95548,fe06e87f-8915-4fc2-81fd-168a371dc407,0.12,false,false,near_mint,de,EUR,2025-12-10T20:26:42.540Z
normal sets,binder,Settlement Blacksmith,ACR,Assassin's Creed,280,normal,uncommon,3,95329,301310b3-c031-4fd3-a47e-9645b6177329,0.13,false,false,near_mint,de,EUR,2025-12-10T20:26:42.540Z
normal sets,binder,"Ezio, Blade of Vengeance",ACR,Assassin's Creed,275,foil,mythic,1,91736,bbdc8019-9b5e-4d9a-a09b-2a14f41ddfe1,3.68,false,false,near_mint,de,EUR,2025-12-11T08:52:49.899Z
normal sets,binder,Achilles Davenport,ACR,Assassin's Creed,294,normal,rare,1,95539,f8ead24c-dd4a-40cd-839e-de08017a7c29,1.98,false,false,near_mint,de,EUR,2025-12-11T08:52:49.899Z
normal sets,binder,Rooftop Bypass,ACR,Assassin's Creed,298,normal,rare,1,95366,50aef0eb-5b11-49e8-b2b2-a9e0422f6e65,2.09,false,false,near_mint,de,EUR,2025-12-11T08:52:49.899Z
normal sets,binder,Eagle Vision,ACR,Assassin's Creed,17,normal,uncommon,1,95367,5197e8d6-cbfe-4469-95e1-f17eeb4715f1,0.17,false,false,near_mint,de,EUR,2025-12-11T08:52:49.899Z
normal sets,binder,Chain Assassination,ACR,Assassin's Creed,23,normal,uncommon,1,95505,d4bcd9c9-5957-48ee-9c12-f659c5fd07d0,0.18,false,false,near_mint,de,EUR,2025-12-11T08:52:49.899Z
normal sets,binder,Restart Sequence,ACR,Assassin's Creed,30,normal,uncommon,1,95438,9a2b1b20-e5fd-4ccb-8529-12dbde0e0811,0.15,false,false,near_mint,de,EUR,2025-12-11T08:52:49.899Z
normal sets,binder,Assassin Initiate,ACR,Assassin's Creed,22,normal,uncommon,1,95341,3ce4e330-d878-48f3-b9fe-3158d69f2da2,0.15,false,false,near_mint,de,EUR,2025-12-11T08:52:49.899Z
normal sets,binder,"Ezio, Brash Novice",ACR,Assassin's Creed,55,normal,uncommon,1,95336,3351cae2-87be-4438-ba58-f4f4aff2416c,0.06,false,false,near_mint,de,EUR,2025-12-11T08:52:49.899Z
normal sets,binder,"Surtr, Fiery Jötun",ACR,Assassin's Creed,293,normal,rare,1,95478,be38985c-f7a9-4885-9035-09390b4b754a,3.4,false,false,near_mint,de,EUR,2025-12-11T08:52:49.899Z
normal sets,binder,Escarpment Fortress,ACR,Assassin's Creed,278,normal,rare,1,95482,c11c9e60-fc14-48fe-bca9-b74f82301835,0.49,false,false,near_mint,de,EUR,2025-12-11T08:52:49.899Z
normal sets,binder,"Eivor, Battle-Ready",ACR,Assassin's Creed,274,foil,mythic,1,91718,4242961d-87e8-4dd2-bdea-5d765a5cf136,1.81,false,false,near_mint,de,EUR,2025-12-11T08:52:49.899Z
normal sets,binder,Arbaaz Mir,ACR,Assassin's Creed,46,normal,uncommon,1,95490,c7187506-4af3-47e9-bad0-4ce8c78ccc10,0.17,false,false,near_mint,de,EUR,2025-12-11T08:52:49.899Z
normal sets,binder,Towering Viewpoint,ACR,Assassin's Creed,77,normal,uncommon,3,95500,d19115bf-562c-4bef-967d-52ec1e54c82e,0.16,false,false,near_mint,de,EUR,2025-12-11T08:52:49.899Z
normal sets,binder,Hookblade,ACR,Assassin's Creed,6,normal,uncommon,2,95515,e17eca56-f658-410f-b505-8cbc87d4f253,0.11,false,false,near_mint,de,EUR,2025-12-11T08:52:49.899Z
normal sets,binder,Mountain,ACR,Assassin's Creed,305,normal,common,11,95469,b469d5fa-89c2-4e5e-9c1d-c3edb80f7b59,0.09,false,false,near_mint,de,EUR,2025-12-11T08:52:49.899Z
normal sets,binder,"Tidus, Yuna's Guardian",FIC,Final Fantasy Commander,5,foil,mythic,1,103782,2cfd4494-346c-4cbc-8072-e267254cefcc,0.99,false,false,near_mint,en,EUR,2025-12-20T13:00:18.813Z
normal sets,binder,Reaper's Scythe,FIC,Final Fantasy Commander,48,normal,rare,1,106209,e1e53ff2-c321-4fc8-b4d7-eb253d670c5b,0.25,false,false,near_mint,en,EUR,2025-12-20T13:00:18.814Z
normal sets,binder,"Yuffie, Materia Hunter",FIC,Final Fantasy Commander,65,normal,rare,1,105829,117bb5db-4a1c-4704-b0b5-c67b45ac2f52,0.37,false,false,near_mint,en,EUR,2025-12-20T13:00:18.815Z
normal sets,binder,Forest,FIN,Final Fantasy,308,normal,common,1,105710,c52038c8-5bba-4d8e-845f-30af44300acc,0.19,false,false,near_mint,de,EUR,2025-12-22T07:07:34.506Z
normal sets,binder,Forest,FIN,Final Fantasy,307,normal,common,1,105595,3d08f6a6-316d-45d8-aabe-1760a20903ac,0.18,false,false,near_mint,de,EUR,2025-12-22T07:07:34.507Z
normal sets,binder,Forest,FIN,Final Fantasy,306,normal,common,1,105707,be72862d-d71e-4b18-98a6-59019399f631,0.22,false,false,near_mint,de,EUR,2025-12-22T07:07:34.508Z
normal sets,binder,Island,FIN,Final Fantasy,299,normal,common,1,105587,347e00db-abcf-4053-aa27-4a5b42e1da55,0.14,false,false,near_mint,de,EUR,2025-12-22T07:07:34.509Z
normal sets,binder,Island,FIN,Final Fantasy,298,normal,common,1,105751,eeecf096-87dd-4dcb-953f-700445bf3f3a,0.21,false,false,near_mint,de,EUR,2025-12-22T07:07:34.510Z
normal sets,binder,Island,FIN,Final Fantasy,297,normal,common,1,105700,b92ec9f6-a56d-40c6-aee2-7d5e1524c985,0.16,false,false,near_mint,de,EUR,2025-12-22T07:07:34.511Z
normal sets,binder,Plains,FIN,Final Fantasy,296,normal,common,1,105750,ee86ac2f-f398-4422-8721-8ac859fbf5bc,0.13,false,false,near_mint,de,EUR,2025-12-22T07:07:34.512Z
normal sets,binder,Plains,FIN,Final Fantasy,295,normal,common,1,105742,e623b058-76d2-476b-9ee6-82807f7992c3,0.14,false,false,near_mint,de,EUR,2025-12-22T07:07:34.513Z
normal sets,binder,Plains,FIN,Final Fantasy,294,normal,common,1,105678,9dd2d666-7c6b-48ce-93dc-c004ebdd1fe9,0.17,false,false,near_mint,de,EUR,2025-12-22T07:07:34.514Z
normal sets,binder,Command Tower,FIC,Final Fantasy Commander,486,normal,common,1,105959,605b2218-0eab-4c9d-a5d8-7fab342137a0,0.52,false,false,near_mint,de,EUR,2025-12-22T07:07:34.515Z
normal sets,binder,Temple of the False God,FIC,Final Fantasy Commander,438,normal,uncommon,1,106236,f1cb4775-8e14-4c83-a417-40d1432ac90a,0.17,false,false,near_mint,de,EUR,2025-12-22T07:07:34.516Z
normal sets,binder,Tangled Islet,FIC,Final Fantasy Commander,434,normal,common,1,106201,defd23e2-9459-45b1-ba18-3661b220fac6,0.31,false,false,near_mint,de,EUR,2025-12-22T07:07:34.517Z
normal sets,binder,Seaside Citadel,FIC,Final Fantasy Commander,420,normal,uncommon,1,106099,a4fa7ef6-4a14-4820-b646-8945ff3b4786,0.37,false,false,near_mint,de,EUR,2025-12-22T07:07:34.518Z
normal sets,binder,Radiant Grove,FIC,Final Fantasy Commander,414,normal,common,1,106057,977bf5a1-81f2-4c5b-a227-347bf8e19554,0.16,false,false,near_mint,de,EUR,2025-12-22T07:07:34.519Z
normal sets,binder,Path of Ancestry,FIC,Final Fantasy Commander,411,normal,common,1,105929,4dd83a5d-1908-4141-8449-fac5e77cd6c0,0.2,false,false,near_mint,de,EUR,2025-12-22T07:07:34.520Z
normal sets,binder,Nesting Grounds,FIC,Final Fantasy Commander,408,normal,uncommon,1,106223,e99933e3-9237-45e8-b067-44367fc21430,0.22,false,false,near_mint,de,EUR,2025-12-22T07:07:34.521Z
normal sets,binder,Idyllic Beachfront,FIC,Final Fantasy Commander,404,normal,common,1,106122,afe2ebec-0310-4b2f-ace4-fb293a1e4837,0.17,false,false,near_mint,de,EUR,2025-12-22T07:07:34.522Z
normal sets,binder,Forge of Heroes,FIC,Final Fantasy Commander,395,normal,common,1,106002,7ac60dfc-040e-4cc1-a967-3c915770fc8e,0.2,false,false,near_mint,de,EUR,2025-12-22T07:07:34.523Z
normal sets,binder,Evolving Wilds,FIC,Final Fantasy Commander,389,normal,common,1,105887,351f791c-4bee-4fce-aee4-d0214ca0c945,0.19,false,false,near_mint,de,EUR,2025-12-22T07:07:34.524Z
normal sets,binder,Ash Barrens,FIC,Final Fantasy Commander,374,normal,common,1,105997,77df073b-49dc-4743-82a3-d595bc938761,0.13,false,false,near_mint,de,EUR,2025-12-22T07:07:34.525Z
normal sets,binder,Sol Ring,FIC,Final Fantasy Commander,358,normal,uncommon,1,106065,9a34ac23-e318-4c0b-ab4c-e1eaa0e2547e,2.35,false,false,near_mint,de,EUR,2025-12-22T07:07:34.526Z
normal sets,binder,Everflowing Chalice,FIC,Final Fantasy Commander,343,normal,uncommon,1,105953,5d659b0c-dc93-464f-847f-2af075caf145,0.22,false,false,near_mint,de,EUR,2025-12-22T07:07:34.527Z
normal sets,binder,Arcane Signet,FIC,Final Fantasy Commander,334,normal,common,1,106075,9df4b5a2-95bf-4268-9d75-6065176651d1,1.11,false,false,near_mint,de,EUR,2025-12-22T07:07:34.528Z
normal sets,binder,Bred for the Hunt,FIC,Final Fantasy Commander,321,normal,uncommon,1,106083,a06fe501-0e25-46ee-8ed8-055f3bf636cd,0.23,false,false,near_mint,de,EUR,2025-12-22T07:07:34.529Z
normal sets,binder,Three Visits,FIC,Final Fantasy Commander,315,normal,uncommon,1,105949,5bcf7495-a8af-4c7f-a27d-be27748f64e0,5.83,false,false,near_mint,de,EUR,2025-12-22T07:07:34.530Z
normal sets,binder,Inspiring Call,FIC,Final Fantasy Commander,310,normal,uncommon,1,106144,be938240-214d-4726-ba2a-aaedc5bbe7ba,0.25,false,false,near_mint,de,EUR,2025-12-22T07:07:34.531Z
normal sets,binder,Farseek,FIC,Final Fantasy Commander,302,normal,common,1,106247,f9b52ee8-3cde-4082-8a6c-0a82caa3505d,0.95,false,false,near_mint,de,EUR,2025-12-22T07:07:34.532Z
normal sets,binder,Duskshell Crawler,FIC,Final Fantasy Commander,301,normal,common,1,105867,2ce4ebd2-c3e6-4299-bdb7-8e5eb1834168,0.2,false,false,near_mint,de,EUR,2025-12-22T07:07:34.533Z
normal sets,binder,An Offer You Can't Refuse,FIC,Final Fantasy Commander,267,normal,uncommon,1,106259,fe1023a2-c096-4c62-8627-e865b348ba02,1.93,false,false,near_mint,de,EUR,2025-12-22T07:07:34.534Z
normal sets,binder,Path to Exile,FIC,Final Fantasy Commander,248,normal,uncommon,1,106138,bba46570-dca2-4849-966a-0972e6a4c506,1.33,false,false,near_mint,de,EUR,2025-12-22T07:07:34.535Z
normal sets,binder,Grateful Apparition,FIC,Final Fantasy Commander,244,normal,uncommon,1,105989,755e0d2b-9a5e-4a13-b085-13c33e120de0,0.21,false,false,near_mint,de,EUR,2025-12-22T07:07:34.536Z
normal sets,binder,Destroy Evil,FIC,Final Fantasy Commander,240,normal,common,1,105974,694e5322-b7c9-4f38-97ce-0b03a391a453,0.46,false,false,near_mint,de,EUR,2025-12-22T07:07:34.537Z
normal sets,binder,Vineglimmer Snarl,FIC,Final Fantasy Commander,440,normal,rare,1,105888,353758ce-419f-4f6a-93f4-42a746c4a26d,0.29,false,false,near_mint,de,EUR,2025-12-22T07:07:34.538Z
normal sets,binder,Temple of Plenty,FIC,Final Fantasy Commander,437,normal,rare,1,105800,04dc78e1-50d8-493a-9c1f-9c1d95343fff,0.24,false,false,near_mint,de,EUR,2025-12-22T07:07:34.539Z
normal sets,binder,Temple of Mystery,FIC,Final Fantasy Commander,436,normal,rare,1,105897,3ede4ff9-b0f6-4075-b7ad-3ec90497d0f6,0.2,false,false,near_mint,de,EUR,2025-12-22T07:07:34.540Z
normal sets,binder,Temple of Enlightenment,FIC,Final Fantasy Commander,435,normal,rare,1,106252,fc99e7b0-0f2c-4a2b-938b-abd31b71cd4f,0.21,false,false,near_mint,de,EUR,2025-12-22T07:07:34.541Z
normal sets,binder,Sunpetal Grove,FIC,Final Fantasy Commander,432,normal,rare,1,105945,5b0275b1-64bc-4c78-ac1a-9bd31399b946,0.56,false,false,near_mint,de,EUR,2025-12-22T07:07:34.542Z
normal sets,binder,Sungrass Prairie,FIC,Final Fantasy Commander,428,normal,rare,1,106016,81e28e36-893f-4b34-aef7-5f2c15dc231c,0.22,false,false,near_mint,de,EUR,2025-12-22T07:07:34.543Z
normal sets,binder,Skycloud Expanse,FIC,Final Fantasy Commander,423,normal,rare,1,105812,0972c465-0369-4ac2-9912-2898fad1bdba,0.21,false,false,near_mint,de,EUR,2025-12-22T07:07:34.544Z
normal sets,binder,Prairie Stream,FIC,Final Fantasy Commander,413,normal,rare,1,106171,ce3a0ad9-6b7a-470c-8e49-4121fea72c89,0.25,false,false,near_mint,de,EUR,2025-12-22T07:07:34.545Z
normal sets,binder,Port Town,FIC,Final Fantasy Commander,412,normal,rare,1,106235,f1ac3b7f-a1db-49df-ba02-fc80cb2f70af,0.24,false,false,near_mint,de,EUR,2025-12-22T07:07:34.546Z
normal sets,binder,Overflowing Basin,FIC,Final Fantasy Commander,410,normal,rare,1,105868,2d0812ef-a3b7-49d0-b1b8-ec0c8891b887,0.27,false,false,near_mint,de,EUR,2025-12-22T07:07:34.547Z
normal sets,binder,Hinterland Harbor,FIC,Final Fantasy Commander,403,normal,rare,1,106081,9f89d20d-bb8b-4da8-97c7-1058c1b60325,0.47,false,false,near_mint,de,EUR,2025-12-22T07:07:34.548Z
normal sets,binder,Glacial Fortress,FIC,Final Fantasy Commander,400,normal,rare,1,106188,d75d748f-38c3-4a7f-8211-db62d5314180,0.41,false,false,near_mint,de,EUR,2025-12-22T07:07:34.549Z
normal sets,binder,Fortified Village,FIC,Final Fantasy Commander,396,normal,rare,1,105825,1028b210-db71-4bbd-8bd7-59dc4032f426,0.3,false,false,near_mint,de,EUR,2025-12-22T07:07:34.550Z
normal sets,binder,Flooded Grove,FIC,Final Fantasy Commander,393,normal,rare,1,106004,7b280a73-9246-4da4-8fc1-a5683edd8aab,0.37,false,false,near_mint,de,EUR,2025-12-22T07:07:34.551Z
normal sets,binder,Exotic Orchard,FIC,Final Fantasy Commander,390,normal,rare,1,105912,47c2b572-b54a-444c-8d74-b005e94d751f,0.26,false,false,near_mint,de,EUR,2025-12-22T07:07:34.552Z
normal sets,binder,Canopy Vista,FIC,Final Fantasy Commander,378,normal,rare,1,105952,5d33aeaa-df27-4c41-9926-79e9dc6a9c69,0.3,false,false,near_mint,de,EUR,2025-12-22T07:07:34.553Z
normal sets,binder,Brushland,FIC,Final Fantasy Commander,377,normal,rare,1,106150,c2bc3f62-1e3a-4ec3-a83b-f6547d7c7b0d,0.73,false,false,near_mint,de,EUR,2025-12-22T07:07:34.554Z
normal sets,binder,Walking Ballista,FIC,Final Fantasy Commander,371,normal,rare,1,105933,50507ec0-72ff-4110-a73c-b6f256ac2e35,6.4,false,false,near_mint,de,EUR,2025-12-22T07:07:34.555Z
normal sets,binder,Fathom Mage,FIC,Final Fantasy Commander,325,normal,rare,1,105923,4bb9c7e1-46a6-4acf-8415-221d9c9d9d23,0.23,false,false,near_mint,de,EUR,2025-12-22T07:07:34.556Z
normal sets,binder,Endless Detour,FIC,Final Fantasy Commander,324,normal,rare,1,105884,33a37435-bd6c-4330-8138-98a2afa36e54,0.2,false,false,near_mint,de,EUR,2025-12-22T07:07:34.557Z
normal sets,binder,Altered Ego,FIC,Final Fantasy Commander,317,normal,rare,1,106257,fda23b02-c650-4092-a35d-ae330547c425,0.34,false,false,near_mint,de,EUR,2025-12-22T07:07:34.558Z
normal sets,binder,Tireless Tracker,FIC,Final Fantasy Commander,316,normal,rare,1,106255,fd5a8a4c-4d66-48a1-bc3e-caaa2dbb64d4,0.3,false,false,near_mint,de,EUR,2025-12-22T07:07:34.559Z
normal sets,binder,Rampant Rejuvenator,FIC,Final Fantasy Commander,314,normal,rare,1,106071,9ce2aa8e-b0c4-4e22-84eb-94b9e5ca6f76,0.37,false,false,near_mint,de,EUR,2025-12-22T07:07:34.560Z
normal sets,binder,Path of Discovery,FIC,Final Fantasy Commander,312,normal,rare,1,106117,ad09a5c2-3081-4d5d-9c0f-037e045e9045,0.18,false,false,near_mint,de,EUR,2025-12-22T07:07:34.561Z
normal sets,binder,Incubation Druid,FIC,Final Fantasy Commander,309,normal,rare,1,105885,348d4546-3da5-4f78-82f3-9a79d2f9b0d1,1.05,false,false,near_mint,de,EUR,2025-12-22T07:07:34.562Z
normal sets,binder,Hardened Scales,FIC,Final Fantasy Commander,307,normal,rare,1,105831,1219d294-22b3-45de-91d9-8d80e27c2fd6,1.48,false,false,near_mint,de,EUR,2025-12-22T07:07:34.563Z
normal sets,binder,Gyre Sage,FIC,Final Fantasy Commander,306,normal,rare,1,105856,236c4e0d-1a54-4024-85ef-4d73028bfb87,1.06,false,false,near_mint,de,EUR,2025-12-22T07:07:34.564Z
normal sets,binder,Generous Patron,FIC,Final Fantasy Commander,305,normal,rare,1,106040,8f4a43b9-6ee8-4b89-b204-83093fba8de4,0.34,false,false,near_mint,de,EUR,2025-12-22T07:07:34.565Z
normal sets,binder,Forgotten Ancient,FIC,Final Fantasy Commander,304,normal,rare,1,106197,de0f3be6-4e5b-4186-af49-fe3dadadcd01,0.36,false,false,near_mint,de,EUR,2025-12-22T07:07:34.566Z
normal sets,binder,Fight Rigging,FIC,Final Fantasy Commander,303,normal,rare,1,106232,ed314c9c-ce86-4782-981f-7956ceca564c,0.3,false,false,near_mint,de,EUR,2025-12-22T07:07:34.567Z
normal sets,binder,Bane of Progress,FIC,Final Fantasy Commander,299,normal,rare,1,105956,5fc6876d-7441-42ac-b9a1-c10a0f6a387a,0.96,false,false,near_mint,de,EUR,2025-12-22T07:07:34.568Z
normal sets,binder,Pull from Tomorrow,FIC,Final Fantasy Commander,269,normal,rare,1,105880,31d56cda-ee00-4037-a2e3-e17286750b0b,0.2,false,false,near_mint,de,EUR,2025-12-22T07:07:34.569Z
normal sets,binder,Inexorable Tide,FIC,Final Fantasy Commander,265,normal,rare,1,106107,a992fad9-1dd1-47fe-b315-a62f7875f3be,1.0,false,false,near_mint,de,EUR,2025-12-22T07:07:34.570Z
normal sets,binder,Chasm Skulker,FIC,Final Fantasy Commander,262,normal,rare,1,106024,886ce333-44d7-458e-a3bb-a58d1d7fc69b,0.39,false,false,near_mint,de,EUR,2025-12-22T07:07:34.571Z
normal sets,binder,Together Forever,FIC,Final Fantasy Commander,257,normal,rare,1,106019,834c5cf1-69a7-462c-822e-47a43a86f9a9,0.34,false,false,near_mint,de,EUR,2025-12-22T07:07:34.572Z
normal sets,binder,Sunscorch Regent,FIC,Final Fantasy Commander,255,normal,rare,1,105858,25774e8c-bbc1-4a53-926c-7c01c2ac908f,0.3,false,false,near_mint,de,EUR,2025-12-22T07:07:34.573Z
normal sets,binder,Scholar of New Horizons,FIC,Final Fantasy Commander,252,normal,rare,1,106062,99e1d96f-c326-49b2-9a24-6e3e5465047e,0.45,false,false,near_mint,de,EUR,2025-12-22T07:07:34.574Z
normal sets,binder,Resourceful Defense,FIC,Final Fantasy Commander,251,normal,rare,1,106260,fe1d5e11-0c74-4de0-a8be-428af44be684,0.52,false,false,near_mint,de,EUR,2025-12-22T07:07:34.575Z
normal sets,binder,Promise of Loyalty,FIC,Final Fantasy Commander,249,normal,rare,1,105864,2c6e2b9e-2efb-42f1-9898-77918a7bb1b2,0.29,false,false,near_mint,de,EUR,2025-12-22T07:07:34.576Z
normal sets,binder,Luminous Broodmoth,FIC,Final Fantasy Commander,246,normal,mythic,1,106219,e6fc5c0b-0b64-491d-b312-b9b2133225d9,0.99,false,false,near_mint,de,EUR,2025-12-22T07:07:34.577Z
normal sets,binder,Farewell,FIC,Final Fantasy Commander,242,normal,rare,1,105928,4d8b6418-da30-4c68-b87c-3936eb77620c,4.03,false,false,near_mint,de,EUR,2025-12-22T07:07:34.578Z
normal sets,binder,Damning Verdict,FIC,Final Fantasy Commander,239,normal,rare,1,106033,8d82e20d-09c0-4b16-9b25-4790924aa0b6,3.15,false,false,near_mint,de,EUR,2025-12-22T07:07:34.579Z
normal sets,binder,Collective Effort,FIC,Final Fantasy Commander,237,normal,rare,1,106119,af2dcc4d-f4bf-49e4-9103-9b4bc9545ae4,0.24,false,false,near_mint,de,EUR,2025-12-22T07:07:34.580Z
normal sets,binder,"Wakka, Devoted Guardian",FIC,Final Fantasy Commander,97,normal,rare,1,106079,9f7fcef4-99fc-4df2-b0f5-4398f71b2fcf,0.31,false,false,near_mint,de,EUR,2025-12-22T07:07:34.581Z
normal sets,binder,"Sin, Unending Cataclysm",FIC,Final Fantasy Commander,95,normal,rare,1,106251,fc0474b7-3d32-49b4-80c7-822de6cdbfa6,0.44,false,false,near_mint,de,EUR,2025-12-22T07:07:34.582Z
normal sets,binder,"Shelinda, Yevon Acolyte",FIC,Final Fantasy Commander,94,normal,rare,1,105983,6f2cec5d-50ea-4d0f-8925-eba06222d015,0.37,false,false,near_mint,de,EUR,2025-12-22T07:07:34.583Z
normal sets,binder,"Kimahri, Valiant Guardian",FIC,Final Fantasy Commander,85,normal,rare,1,105900,42006bd4-f6f0-4638-a50e-46d9d7a54b6e,0.36,false,false,near_mint,de,EUR,2025-12-22T07:07:34.584Z
normal sets,binder,Yuna's Whistle,FIC,Final Fantasy Commander,75,normal,rare,1,106038,8e591a23-15c3-4a65-a9d2-d1ce0f83552c,0.29,false,false,near_mint,de,EUR,2025-12-22T07:07:34.585Z
normal sets,binder,Yuna's Decision,FIC,Final Fantasy Commander,74,normal,rare,1,105932,5044eedb-f7d9-4b65-aa5b-fb494d00facd,0.3,false,false,near_mint,de,EUR,2025-12-22T07:07:34.586Z
normal sets,binder,"Tromell, Seymour's Butler",FIC,Final Fantasy Commander,73,normal,rare,1,105822,0f4f6de2-1c3d-4f3b-b999-70879f9cbb26,0.4,false,false,near_mint,de,EUR,2025-12-22T07:07:34.587Z
normal sets,binder,Summon: Magus Sisters,FIC,Final Fantasy Commander,71,normal,rare,1,105991,76a8cae7-e6ea-45eb-be8d-0e6a29b98aa6,0.32,false,false,near_mint,de,EUR,2025-12-22T07:07:34.588Z
normal sets,binder,Sphere Grid,FIC,Final Fantasy Commander,70,normal,rare,1,105934,51188b1d-cb45-40f7-a3c2-5652b0679e02,7.57,false,false,near_mint,de,EUR,2025-12-22T07:07:34.589Z
normal sets,binder,Maester Seymour,FIC,Final Fantasy Commander,68,normal,rare,1,106243,f6a4267b-aa76-4dec-bc72-252236c44968,0.4,false,false,near_mint,de,EUR,2025-12-22T07:07:34.590Z
normal sets,binder,Summon: Valefor,FIC,Final Fantasy Commander,42,normal,rare,1,106204,e0474d99-48e5-4e60-8cd6-537a10bcfea5,0.42,false,false,near_mint,de,EUR,2025-12-22T07:07:34.591Z
normal sets,binder,"Rikku, Resourceful Guardian",FIC,Final Fantasy Commander,41,normal,rare,1,106184,d377cc5f-f6eb-4ed0-a358-af22245f3550,0.67,false,false,near_mint,de,EUR,2025-12-22T07:07:34.592Z
normal sets,binder,"O'aka, Traveling Merchant",FIC,Final Fantasy Commander,39,normal,rare,1,106073,9d860089-fb88-4736-b7f4-b605551bedc8,0.96,false,false,near_mint,de,EUR,2025-12-22T07:07:34.593Z
normal sets,binder,"Lulu, Stern Guardian",FIC,Final Fantasy Commander,38,normal,rare,1,106069,9c0b1d5d-2b10-4dde-bb95-8cbf780cca97,1.42,false,false,near_mint,de,EUR,2025-12-22T07:07:34.594Z
normal sets,binder,Blitzball Stadium,FIC,Final Fantasy Commander,34,normal,rare,1,105995,771808d9-d0c8-418b-ab6c-1ae6fc07ca20,0.26,false,false,near_mint,de,EUR,2025-12-22T07:07:34.595Z
normal sets,binder,Summoner's Sending,FIC,Final Fantasy Commander,29,normal,rare,1,106014,8150be1a-4bac-4c67-9165-9d6fc04a69cc,0.29,false,false,near_mint,de,EUR,2025-12-22T07:07:34.596Z
normal sets,binder,Summon: Yojimbo,FIC,Final Fantasy Commander,28,normal,rare,1,106169,cdbc2d28-ea35-47c6-af7e-07924e9d5794,3.25,false,false,near_mint,de,EUR,2025-12-22T07:07:34.597Z
normal sets,binder,Summon: Ixion,FIC,Final Fantasy Commander,27,normal,rare,1,106115,acb35dcb-0bee-4deb-88bf-ffa1f110c67b,0.96,false,false,near_mint,de,EUR,2025-12-22T07:07:34.598Z
normal sets,binder,Protection Magic,FIC,Final Fantasy Commander,24,normal,rare,1,106046,917e9267-010d-450c-ab98-6f861250c437,0.44,false,false,near_mint,de,EUR,2025-12-22T07:07:34.599Z
normal sets,binder,Lord Jyscal Guado,FIC,Final Fantasy Commander,23,normal,rare,1,105834,134ef3cd-01ac-4d60-a277-df7ab7b8f88c,0.24,false,false,near_mint,de,EUR,2025-12-22T07:07:34.600Z
normal sets,binder,Gatta and Luzzu,FIC,Final Fantasy Commander,19,normal,rare,1,105911,4742c222-1f29-4e1a-a545-798d175255ca,0.3,false,false,near_mint,de,EUR,2025-12-22T07:07:34.601Z
normal sets,binder,Chocobo Knights,FIC,Final Fantasy Commander,12,normal,rare,1,106222,e874e435-7ade-4299-9803-1358c0f07a8f,0.32,false,false,near_mint,de,EUR,2025-12-22T07:07:34.602Z
normal sets,binder,"Auron, Venerated Guardian",FIC,Final Fantasy Commander,10,normal,rare,1,106165,cb82d614-13d8-40ec-9213-8e6852d37c9c,0.35,false,false,near_mint,de,EUR,2025-12-22T07:07:34.603Z
normal sets,binder,"Yuna, Grand Summoner",FIC,Final Fantasy Commander,8,foil,mythic,1,105668,930da933-4263-40ff-96af-4bd9e797249e,0.65,false,false,near_mint,de,EUR,2025-12-22T07:07:34.604Z
normal sets,binder,Treasure,TFIN,Final Fantasy Tokens,23,normal,common,1,106110,ab0cda01-10b5-4a1b-b2bb-ad8bb296590f,0.05,false,false,near_mint,en,EUR,2026-01-02T13:43:46.539Z
normal sets,binder,Hero,TFIN,Final Fantasy Tokens,6,normal,common,1,106152,c39b8112-6a5c-4080-a884-2b4d6e5276ef,0.07,false,false,near_mint,en,EUR,2026-01-02T13:43:46.540Z
normal sets,binder,"Gohn, Town of Ruin",FIN,Final Fantasy,278,normal,common,1,106602,99582781-613e-4a33-aec7-7569b4a961aa,0.11,false,false,near_mint,en,EUR,2026-01-02T13:43:46.541Z
normal sets,binder,Summon: Choco/Mog,FIN,Final Fantasy,35,foil,common,1,106493,00546117-018a-4286-bc20-b5446c5be56f,0.21,false,false,near_mint,en,EUR,2026-01-02T13:43:46.542Z
normal sets,binder,"Jill, Shiva's Dominant // Shiva, Warden of Ice",FIN,Final Fantasy,58,normal,rare,1,105564,1f163763-4802-4a96-a5bc-f3c381db7b5c,0.37,false,false,near_mint,en,EUR,2026-01-02T13:43:46.543Z
normal sets,binder,Sidequest: Catch a Fish // Cooking Campsite,FIN,Final Fantasy,31,normal,uncommon,1,103802,bdb5452e-d97f-409b-91d0-2664f39b09b8,0.1,false,false,near_mint,en,EUR,2026-01-02T13:43:46.544Z
normal sets,binder,"Omega, Heartless Evolution",FIN,Final Fantasy,236,normal,uncommon,1,106604,9a8eb7e6-0c0b-42d0-aa90-2d3d29bc15aa,0.04,false,false,near_mint,en,EUR,2026-01-02T13:43:46.545Z
normal sets,binder,Demon Wall,FIN,Final Fantasy,97,normal,uncommon,1,106514,13abd96c-d1af-43d0-b3a4-ac3db20e3b51,0.23,false,false,near_mint,en,EUR,2026-01-02T13:43:46.546Z
normal sets,binder,Self-Destruct,FIN,Final Fantasy,157,normal,uncommon,1,106285,7661003c-bf83-46bb-bcc0-8fbf5819ffa8,0.13,false,false,near_mint,en,EUR,2026-01-02T13:43:46.547Z
normal sets,binder,Syncopate,FIN,Final Fantasy,80,normal,common,1,106409,83e1cd8d-5b97-427a-be75-2a1947f9c59b,0.04,false,false,near_mint,en,EUR,2026-01-02T13:43:46.548Z
normal sets,binder,Coeurl,FIN,Final Fantasy,12,normal,common,1,106284,7604b534-5480-42fa-bc36-bbae730f8582,0.04,false,false,near_mint,en,EUR,2026-01-02T13:43:46.549Z
normal sets,binder,Bard's Bow,FIN,Final Fantasy,174,normal,common,1,106530,2ac03e90-1e16-453f-88e4-a0448db73403,0.05,false,false,near_mint,en,EUR,2026-01-02T13:43:46.550Z
normal sets,binder,Hecteyes,FIN,Final Fantasy,103,normal,common,1,106585,8680d052-c07b-4d9b-bda9-b5f69f44f424,0.11,false,false,near_mint,en,EUR,2026-01-02T13:43:46.551Z
normal sets,binder,Dwarven Castle Guard,FIN,Final Fantasy,18,normal,common,1,106454,e17c0d27-e88d-4ba9-acbb-3f916cee3d7e,0.06,false,false,near_mint,en,EUR,2026-01-02T13:43:46.552Z
normal sets,binder,Sabotender,FIN,Final Fantasy,153,normal,common,1,106513,12df1295-8b08-4c8e-bac9-55b4f514c0be,0.14,false,false,near_mint,en,EUR,2026-01-02T13:43:46.553Z
normal sets,binder,Rook Turret,FIN,Final Fantasy,69,normal,common,1,106541,4572884d-0c0e-41e7-b219-f76b95fdbd01,0.06,false,false,near_mint,en,EUR,2026-01-02T13:43:46.554Z
normal sets,binder,Hero,TFIN,Final Fantasy Tokens,9,normal,common,1,105869,2d132d9b-00dd-4ab9-b195-1857f3cee37b,0.22,false,false,near_mint,en,EUR,2026-01-02T13:43:46.555Z
normal sets,binder,Bird,TFIN,Final Fantasy Tokens,17,normal,common,1,106722,8632216a-33c3-4d16-bf25-42e41af53986,0.1,false,false,near_mint,en,EUR,2026-01-02T13:43:46.556Z
normal sets,binder,Swamp,FIN,Final Fantasy,302,normal,common,1,105546,08ec1e4f-e284-4216-a022-bd94c4dae02b,0.16,false,false,near_mint,en,EUR,2026-01-02T13:43:46.557Z
normal sets,binder,Blitzball Shot,FIN,Final Fantasy,176,normal,common,1,106417,ec8ab637-3d7d-4712-9f83-8920f808f715,0.06,false,false,near_mint,en,EUR,2026-01-02T13:43:46.558Z
normal sets,binder,Cloudbound Moogle,FIN,Final Fantasy,11,normal,common,1,106283,7387bca7-f496-45da-a0ac-6be049303a8f,0.06,false,false,near_mint,en,EUR,2026-01-02T13:43:46.559Z
normal sets,binder,Cornered by Black Mages,FIN,Final Fantasy,93,normal,common,1,106564,688fcf8a-0a44-416a-8086-83acf9a6fe69,0.14,false,false,near_mint,en,EUR,2026-01-02T13:43:46.560Z
normal sets,binder,Prishe's Wanderings,FIN,Final Fantasy,193,normal,common,1,106658,d6e1dee0-e2cd-4899-a3ea-7d0df717c9ab,0.15,false,false,near_mint,en,EUR,2026-01-02T13:43:46.561Z
normal sets,binder,Ice Magic,FIN,Final Fantasy,56,normal,common,1,105677,9dabd626-7ec3-4913-babb-d5d3fd5e32d5,0.04,false,false,near_mint,en,EUR,2026-01-02T13:43:46.562Z
normal sets,binder,Item Shopkeep,FIN,Final Fantasy,142,normal,common,1,106293,bd2db3f5-fd0d-4817-af90-6bea1f07e16b,0.11,false,false,near_mint,en,EUR,2026-01-02T13:43:46.563Z
normal sets,binder,Fate of the Sun-Cryst,FIN,Final Fantasy,19,normal,common,1,106287,900cdf11-b42e-4dcc-97c3-2e4d8e406a70,0.06,false,false,near_mint,en,EUR,2026-01-02T13:43:46.564Z
normal sets,binder,Freya Crescent,FIN,Final Fantasy,138,normal,uncommon,1,106289,9921f646-e893-44db-ac89-0633c1009788,0.11,false,false,near_mint,en,EUR,2026-01-02T13:43:46.565Z
normal sets,binder,The Gold Saucer,FIN,Final Fantasy,279,normal,uncommon,1,106551,5363c881-443d-43df-afd8-f81e1a1741a2,0.11,false,false,near_mint,en,EUR,2026-01-02T13:43:46.566Z
normal sets,binder,Reno and Rude,FIN,Final Fantasy,113,normal,uncommon,1,106358,b5eb0064-c7c4-4e3e-add2-b86269de3fb9,0.05,false,false,near_mint,en,EUR,2026-01-02T13:43:46.567Z
normal sets,binder,"Exdeath, Void Warlock // Neo Exdeath, Dimension's End",FIN,Final Fantasy,220,normal,uncommon,1,106520,1b4bab87-4000-461d-8b58-d34928fee305,0.06,false,false,near_mint,en,EUR,2026-01-02T13:43:46.568Z
normal sets,binder,Astrologian's Planisphere,FIN,Final Fantasy,46,normal,rare,1,106146,bfa4e927-1d6f-4a64-9801-7d168a5ef3f6,0.39,false,false,near_mint,en,EUR,2026-01-02T13:43:46.569Z
normal sets,binder,Fatal Push,FCA,Final Fantasy: Through the Ages,9,normal,uncommon,1,106425,2430f223-edb2-402b-a85b-5d328323992d,0.68,false,false,near_mint,en,EUR,2026-01-02T13:43:46.570Z
normal sets,binder,Ring of the Lucii,FIN,Final Fantasy,269,normal,uncommon,1,106576,75761f1e-9449-4c58-8265-8abac71dafc1,0.08,false,false,near_mint,de,EUR,2026-01-02T15:30:21.823Z
normal sets,binder,Ignis Scientia,FIN,Final Fantasy,227,normal,uncommon,1,106627,ab4f9721-5b2c-4371-98a5-3f6714265e57,0.1,false,false,near_mint,de,EUR,2026-01-02T15:30:21.824Z
normal sets,binder,Poison the Waters,FIN,Final Fantasy,111,normal,uncommon,1,106380,ff2bafe7-4d0f-464d-b7ba-55a54366fc68,0.08,false,false,near_mint,de,EUR,2026-01-02T15:30:21.825Z
normal sets,binder,Iron Giant,FIN,Final Fantasy,260,normal,common,1,106675,e48cf6d5-4d32-4b66-80be-3495ecd3e906,0.09,false,false,near_mint,de,EUR,2026-01-02T15:30:21.826Z
normal sets,binder,Adventurer's Inn,FIN,Final Fantasy,271,normal,common,1,105754,f0da2ee1-986e-4cbf-92eb-d96fdb572ca5,0.09,false,false,near_mint,de,EUR,2026-01-02T15:30:21.827Z
normal sets,binder,Monk's Fist,FIN,Final Fantasy,265,normal,common,1,106601,995033f0-873d-4e46-b0c9-98ec8ef270ff,0.03,false,false,near_mint,de,EUR,2026-01-02T15:30:21.828Z
normal sets,binder,Balamb T-Rexaur,FIN,Final Fantasy,173,normal,common,1,106456,e5857b1b-73bc-458e-b26b-7ed8bef785f3,0.05,false,false,near_mint,de,EUR,2026-01-02T15:30:21.829Z
normal sets,binder,Shinra Reinforcements,FIN,Final Fantasy,118,normal,common,1,106282,7367b257-1a8c-4593-a307-7116e36e0342,0.06,false,false,near_mint,de,EUR,2026-01-02T15:30:21.830Z
normal sets,binder,Summon: Choco/Mog,FIN,Final Fantasy,35,normal,common,1,106493,00546117-018a-4286-bc20-b5446c5be56f,0.14,false,false,near_mint,de,EUR,2026-01-02T15:30:21.831Z
normal sets,binder,Light of Judgment,FIN,Final Fantasy,144,normal,common,1,106600,98bb716d-ca66-445f-9cb3-0fc656c8ebff,0.02,false,false,near_mint,de,EUR,2026-01-02T15:30:21.832Z
normal sets,binder,Dragoon's Wyvern,FIN,Final Fantasy,49,normal,common,1,105729,d92bce20-308e-4841-aaf8-8e20698292e7,0.06,false,false,near_mint,de,EUR,2026-01-02T15:30:21.833Z
normal sets,binder,"Guadosalam, Farplane Gateway",FIN,Final Fantasy,281,normal,common,1,106668,dfcbc131-fd50-4908-b539-c8e52bb70c58,0.09,false,false,near_mint,de,EUR,2026-01-02T15:30:21.834Z
normal sets,binder,White Auracite,FIN,Final Fantasy,41,normal,common,1,105873,2df6f515-9d21-4769-b1c4-c219611bccbb,0.06,false,false,near_mint,de,EUR,2026-01-02T15:30:21.835Z
normal sets,binder,"Kefka, Court Mage // Kefka, Ruler of Ruin",FIN,Final Fantasy,231,normal,mythic,1,105666,8fcf3fbb-1ddd-437e-81c1-f5a3133f5ee8,5.28,false,false,near_mint,de,EUR,2026-01-02T15:30:21.836Z
normal sets,binder,"Edgar, King of Figaro",FIN,Final Fantasy,51,normal,rare,1,106443,950ee302-5512-43c5-ac7c-b2b06f4177bf,0.17,false,false,near_mint,de,EUR,2026-01-02T15:30:21.837Z
normal sets,binder,"Sidequest: Play Blitzball // World Champion, Celestial Weapon",FIN,Final Fantasy,158,normal,uncommon,1,106401,31e2ad37-73cf-4858-8a3a-fc1165cd21a7,0.05,false,false,near_mint,de,EUR,2026-01-02T15:30:21.838Z
normal sets,binder,Relm's Sketching,FIN,Final Fantasy,67,normal,uncommon,1,106345,6aedac12-3714-4a81-bd4d-1d2555c66f78,0.1,false,false,near_mint,de,EUR,2026-01-02T15:30:21.839Z
normal sets,binder,Adelbert Steiner,FIN,Final Fantasy,3,normal,uncommon,1,106424,1a67a991-1e52-4676-a2e3-2bc7aa943ab3,0.08,false,false,near_mint,de,EUR,2026-01-02T15:30:21.840Z
normal sets,binder,Hill Gigas,FIN,Final Fantasy,141,normal,common,1,106529,2a8b3e1e-5c10-4360-ac1c-83b2e026278c,0.05,false,false,near_mint,de,EUR,2026-01-02T15:30:21.841Z
normal sets,binder,World Map,FIN,Final Fantasy,270,normal,common,1,106572,70d9ab99-ec8a-402e-ba1d-ffa6c4c84a3f,0.09,false,false,near_mint,de,EUR,2026-01-02T15:30:21.842Z
normal sets,binder,Summon: Fat Chocobo,FIN,Final Fantasy,202,normal,common,1,106533,32eb192b-de6b-4814-8077-628d343d014e,0.06,false,false,near_mint,de,EUR,2026-01-02T15:30:21.843Z
normal sets,binder,Copy,TFIN,Final Fantasy Tokens,1,normal,common,1,106253,fcde6a95-37f1-4bb4-9cea-5b65dbc9c76a,0.05,false,false,near_mint,de,EUR,2026-01-02T15:30:21.848Z
normal sets,binder,"Sharlayan, Nation of Scholars",FIN,Final Fantasy,288,normal,common,1,106579,7a745b5e-cdb8-4d05-ac5c-87be69536da6,0.08,false,false,near_mint,de,EUR,2026-01-02T15:30:21.850Z
normal sets,binder,Sazh Katzroy,FIN,Final Fantasy,199,normal,rare,1,106328,1e2a3566-1390-457e-8077-d776a8671319,0.32,false,false,near_mint,de,EUR,2026-01-02T15:30:21.852Z
normal sets,binder,Tifa's Limit Break,FIN,Final Fantasy,207,normal,uncommon,1,106524,24d6eab7-22bd-494f-8cbe-204446f24be9,0.12,false,false,near_mint,de,EUR,2026-01-02T15:30:21.853Z
normal sets,binder,"Zidane, Tantalus Thief",FIN,Final Fantasy,251,normal,uncommon,1,106213,e42c7d9d-8685-415b-8c5d-6ab2165863b9,0.09,false,false,near_mint,de,EUR,2026-01-02T15:30:21.854Z
normal sets,binder,"Ultros, Obnoxious Octopus",FIN,Final Fantasy,83,normal,uncommon,1,106515,14379198-9a0a-4853-9d51-fb074a24b1c0,0.06,false,false,near_mint,de,EUR,2026-01-02T15:30:21.855Z
normal sets,binder,Al Bhed Salvagers,FIN,Final Fantasy,88,normal,uncommon,1,106278,58ccdcfc-a669-480f-bded-4273cfaf2045,0.12,false,false,near_mint,de,EUR,2026-01-02T15:30:21.856Z
normal sets,binder,Instant Ramen,FIN,Final Fantasy,259,normal,common,1,106374,ef7011f4-fc08-4b15-973d-d15357cbe744,0.14,false,false,near_mint,de,EUR,2026-01-02T15:30:21.857Z
normal sets,binder,Lunatic Pandora,FIN,Final Fantasy,262,normal,common,1,106659,d6e1e3e7-20d4-42cb-ad22-60356b9e8fdc,0.12,false,false,near_mint,de,EUR,2026-01-02T15:30:21.858Z
normal sets,binder,Cornered by Black Mages,FIN,Final Fantasy,93,normal,common,1,106564,688fcf8a-0a44-416a-8086-83acf9a6fe69,0.14,false,false,near_mint,de,EUR,2026-01-02T15:30:21.860Z
normal sets,binder,Fate of the Sun-Cryst,FIN,Final Fantasy,19,normal,common,1,106287,900cdf11-b42e-4dcc-97c3-2e4d8e406a70,0.06,false,false,near_mint,de,EUR,2026-01-02T15:30:21.861Z
normal sets,binder,Warrior's Sword,FIN,Final Fantasy,169,normal,common,1,106296,cb98a7dd-542e-4448-b3bb-ff5d67a36535,0.05,false,false,near_mint,de,EUR,2026-01-02T15:30:21.862Z
normal sets,binder,Rook Turret,FIN,Final Fantasy,69,normal,common,1,106541,4572884d-0c0e-41e7-b219-f76b95fdbd01,0.06,false,false,near_mint,de,EUR,2026-01-02T15:30:21.863Z
normal sets,binder,Wizard,TFIN,Final Fantasy Tokens,15,normal,common,1,106211,e27f28ec-d5e7-4415-96cc-b666cdecae08,0.68,false,false,near_mint,de,EUR,2026-01-02T15:30:21.864Z
normal sets,binder,"Windurst, Federation Center",FIN,Final Fantasy,292,normal,common,1,106649,c74024bd-b383-468d-9cf5-d112a29f6457,0.08,false,false,near_mint,de,EUR,2026-01-02T15:30:21.866Z
normal sets,binder,"Ultimecia, Time Sorceress // Ultimecia, Omnipotent",FIN,Final Fantasy,247,normal,uncommon,1,105581,2d6a2b68-5407-464e-a335-7866fd969c30,0.08,false,false,near_mint,de,EUR,2026-01-02T15:30:21.867Z
normal sets,binder,"Stiltzkin, Moogle Merchant",FIN,Final Fantasy,34,normal,rare,1,103775,06a972a4-0c1b-4f12-a5a5-fdea47c4cd35,0.32,false,false,near_mint,de,EUR,2026-01-02T15:30:21.868Z
normal sets,binder,"Garland, Knight of Cornelia // Chaos, the Endless",FIN,Final Fantasy,221,normal,uncommon,1,103808,dd463dbe-5f2c-4d4f-86f8-ad8ff407af62,0.09,false,false,near_mint,de,EUR,2026-01-02T15:30:21.869Z
normal sets,binder,Stolen Uniform,FIN,Final Fantasy,75,normal,uncommon,1,106510,0d80c511-2f4d-4f77-8143-7b49b2b19fae,0.09,false,false,near_mint,de,EUR,2026-01-02T15:30:21.870Z
normal sets,binder,Lion Heart,FIN,Final Fantasy,261,normal,uncommon,1,106420,04d327a3-1699-4556-b681-a957671ad142,0.06,false,false,near_mint,de,EUR,2026-01-02T15:30:21.871Z
normal sets,binder,The Crystal's Chosen,FIN,Final Fantasy,14,normal,uncommon,1,105725,d4df4373-0ee6-44e3-81c6-0881c070014c,0.07,false,false,near_mint,de,EUR,2026-01-02T15:30:21.872Z
normal sets,binder,Magic Pot,FIN,Final Fantasy,263,normal,common,1,106553,57d07ca0-5618-4a90-a605-ca14a193ce3b,0.03,false,false,near_mint,de,EUR,2026-01-02T15:30:21.873Z
normal sets,binder,Blitzball,FIN,Final Fantasy,254,normal,common,1,106723,92f4ad73-42bf-45c0-8bb6-0b44043c81ef,0.07,false,false,near_mint,de,EUR,2026-01-02T15:30:21.874Z
normal sets,binder,Malboro,FIN,Final Fantasy,106,normal,common,2,105739,e46d8048-03ce-4e07-ba24-f41ba6140a4e,0.08,false,false,near_mint,de,EUR,2026-01-02T15:30:21.844Z
normal sets,binder,Aerith Rescue Mission,FIN,Final Fantasy,5,normal,common,2,106532,3123d16c-e1e6-4659-a7a3-2ec6efc6bf08,0.07,false,false,near_mint,de,EUR,2026-01-02T15:30:21.845Z
normal sets,binder,Item Shopkeep,FIN,Final Fantasy,142,normal,common,2,106293,bd2db3f5-fd0d-4817-af90-6bea1f07e16b,0.11,false,false,near_mint,de,EUR,2026-01-02T15:30:21.846Z
normal sets,binder,Magic Damper,FIN,Final Fantasy,61,normal,common,2,106540,44921b2e-5938-4f63-92b9-0b719a2f8c68,0.12,false,false,near_mint,de,EUR,2026-01-02T15:30:21.847Z
normal sets,binder,Hero,TFIN,Final Fantasy Tokens,5,normal,common,2,105938,5619d240-3832-477b-ad30-8d310c90f555,0.22,false,false,near_mint,de,EUR,2026-01-02T15:30:21.849Z
normal sets,binder,Gysahl Greens,FIN,Final Fantasy,190,normal,common,2,106494,020dee17-d85b-44c4-9faa-b1ef977956f4,0.06,false,false,near_mint,de,EUR,2026-01-02T15:30:21.859Z
normal sets,binder,Excalibur II,FIN,Final Fantasy,352,normal,rare,1,106643,becf759b-e3bc-4281-a1e1-1da9f36247ef,1.4,false,false,near_mint,en,EUR,2026-01-02T15:32:04.910Z
normal sets,binder,Food,TFIN,Final Fantasy Tokens,22,normal,common,1,103784,4853f6f5-476d-4109-a1c6-f98f4d332db3,0.15,false,false,near_mint,en,EUR,2026-01-02T15:32:23.049Z
normal sets,binder,Hero,TFIN,Final Fantasy Tokens,3,normal,common,1,105882,3308e4bf-950f-4b83-969a-2a95f077552f,0.15,false,false,near_mint,en,EUR,2026-01-02T15:32:23.050Z
normal sets,binder,"Sharlayan, Nation of Scholars",FIN,Final Fantasy,288,normal,common,1,106579,7a745b5e-cdb8-4d05-ac5c-87be69536da6,0.08,false,false,near_mint,en,EUR,2026-01-02T15:32:23.051Z
normal sets,binder,Laughing Mad,FIN,Final Fantasy,143,normal,common,2,106168,cd5b9daf-6325-4eb4-a069-4a8cc7807884,0.1,false,false,near_mint,en,EUR,2026-01-02T15:32:23.052Z
normal sets,binder,Clive's Hideaway,FIN,Final Fantasy,275,normal,rare,1,106557,5e43c36f-b8a2-4b2b-b2ea-57e6fa97521c,0.35,false,false,near_mint,en,EUR,2026-01-02T15:34:47.352Z
normal sets,binder,Cloud of Darkness,FIN,Final Fantasy,217,normal,uncommon,1,106614,a292094a-674a-401f-8776-ba5ebe57c946,0.07,false,false,near_mint,en,EUR,2026-01-02T15:34:47.353Z
normal sets,binder,"Shantotto, Tactician Magician",FIN,Final Fantasy,241,normal,uncommon,1,105752,eff984b2-6ea9-4471-91c5-99c47f87f10b,0.06,false,false,near_mint,en,EUR,2026-01-02T15:34:47.354Z
normal sets,binder,Unexpected Request,FIN,Final Fantasy,167,normal,uncommon,1,106495,0265fd20-a85d-49ce-b338-4c40843a5b18,0.05,false,false,near_mint,en,EUR,2026-01-02T15:34:47.355Z
normal sets,binder,Blitzball,FIN,Final Fantasy,254,normal,common,1,106723,92f4ad73-42bf-45c0-8bb6-0b44043c81ef,0.07,false,false,near_mint,en,EUR,2026-01-02T15:34:47.356Z
normal sets,binder,Undercity Dire Rat,FIN,Final Fantasy,123,normal,common,1,106270,274788f4-fbf3-4a15-bdc0-f513a2fde30d,0.14,false,false,near_mint,en,EUR,2026-01-02T15:34:47.358Z
normal sets,binder,Paladin's Arms,FIN,Final Fantasy,28,normal,common,1,106338,446506c5-5e1d-4b42-aef3-ea247d7881ef,0.08,false,false,near_mint,en,EUR,2026-01-02T15:34:47.359Z
normal sets,binder,Call the Mountain Chocobo,FIN,Final Fantasy,131,normal,common,1,106633,b2e1986c-2852-4843-bdc4-eddb727ba3d4,0.09,false,false,near_mint,en,EUR,2026-01-02T15:34:47.360Z
normal sets,binder,Combat Tutorial,FIN,Final Fantasy,48,normal,common,1,106679,ec195607-ac30-4931-acfd-f9d8ac8b047f,0.08,false,false,near_mint,en,EUR,2026-01-02T15:34:47.361Z
normal sets,binder,Goobbue Gardener,FIN,Final Fantasy,188,normal,common,1,106636,b7c3544a-5dd5-423e-8a40-ac4803db8adc,0.06,false,false,near_mint,en,EUR,2026-01-02T15:34:47.362Z
normal sets,binder,"Fynn, the Fangbearer",FCA,Final Fantasy: Through the Ages,46,normal,uncommon,1,106372,e983925b-de9c-4a09-8bff-913301aff269,0.19,false,false,near_mint,en,EUR,2026-01-02T15:37:18.572Z
normal sets,binder,Wizard,TFIN,Final Fantasy Tokens,14,normal,common,1,105559,187fe54c-7d0c-4225-9d46-3affbead897d,0.64,false,false,near_mint,en,EUR,2026-01-02T15:40:45.014Z
normal sets,binder,Bird,TFIN,Final Fantasy Tokens,16,normal,common,1,106716,1fbc471d-5948-47fc-b7cc-81cc13a4cd15,0.13,false,false,near_mint,en,EUR,2026-01-02T15:40:45.015Z
normal sets,binder,"Vector, Imperial Capital",FIN,Final Fantasy,291,foil,common,1,106512,10e5648e-4884-41e3-95f8-c76f6bca01e2,0.15,false,false,near_mint,en,EUR,2026-01-02T15:40:45.016Z
normal sets,binder,Vayne's Treachery,FIN,Final Fantasy,124,foil,common,1,106569,6de6d23b-7d42-41c1-be1c-010fe43ee586,0.17,false,false,near_mint,en,EUR,2026-01-02T15:40:45.017Z
normal sets,binder,Machinist's Arsenal,FIN,Final Fantasy,23,normal,rare,1,106381,ff976428-2145-4630-aab1-08870b90b2f0,0.28,false,false,near_mint,en,EUR,2026-01-02T15:40:45.018Z
normal sets,binder,The Crystal's Chosen,FIN,Final Fantasy,14,normal,uncommon,1,105725,d4df4373-0ee6-44e3-81c6-0881c070014c,0.07,false,false,near_mint,en,EUR,2026-01-02T15:40:45.019Z
normal sets,binder,Clash of the Eikons,FIN,Final Fantasy,180,normal,uncommon,1,106577,75c18134-f517-4a68-8640-0426b3cd4f6c,0.05,false,false,near_mint,en,EUR,2026-01-02T15:40:45.020Z
normal sets,binder,Travel the Overworld,FIN,Final Fantasy,82,normal,uncommon,1,106625,aa5086e0-e2f2-498f-9035-1b31e1d21e0a,0.08,false,false,near_mint,en,EUR,2026-01-02T15:40:45.021Z
normal sets,binder,Prompto Argentum,FIN,Final Fantasy,148,normal,uncommon,1,106546,4c617bcd-05f8-40c2-bb38-489bc863ce6b,0.11,false,false,near_mint,en,EUR,2026-01-02T15:40:45.022Z
normal sets,binder,Sahagin,FIN,Final Fantasy,71,normal,common,1,106276,516940c7-c271-4f64-af75-c7ba98548382,0.03,false,false,near_mint,en,EUR,2026-01-02T15:40:45.023Z
normal sets,binder,Magitek Infantry,FIN,Final Fantasy,25,normal,common,1,106635,b64dc6d7-dd01-4e66-9099-4c90865448df,0.04,false,false,near_mint,en,EUR,2026-01-02T15:40:45.024Z
normal sets,binder,Gigantoad,FIN,Final Fantasy,187,normal,common,1,106642,bc10d648-4053-460f-bc52-9c20477bf6de,0.06,false,false,near_mint,en,EUR,2026-01-02T15:40:45.025Z
normal sets,binder,Namazu Trader,FIN,Final Fantasy,107,normal,common,1,106248,f9d25b34-990d-416c-aef7-1b5a73f19dd4,0.05,false,false,near_mint,en,EUR,2026-01-02T15:40:45.026Z
normal sets,binder,Slash of Light,FIN,Final Fantasy,32,normal,common,1,106662,da6d9529-3cb0-4adc-8209-b9b02db3bf54,0.03,false,false,near_mint,en,EUR,2026-01-02T15:40:45.027Z
normal sets,binder,Mysidian Elder,FIN,Final Fantasy,145,normal,common,1,106566,6bc39af4-be19-4889-b930-df7ebf7b9481,0.12,false,false,near_mint,en,EUR,2026-01-02T15:40:45.028Z
normal sets,binder,Scorpion Sentinel,FIN,Final Fantasy,72,normal,common,1,106503,08ab5220-e5c1-472e-8217-97fd60e1773c,0.03,false,false,near_mint,en,EUR,2026-01-02T15:40:45.029Z
normal sets,binder,Clash of the Eikons,FIN,Final Fantasy,180,foil,uncommon,1,106577,75c18134-f517-4a68-8640-0426b3cd4f6c,0.12,false,false,near_mint,en,EUR,2026-01-02T15:40:45.030Z
normal sets,binder,Riverguard's Reflexes,ECL,Lorwyn Eclipsed,33,normal,common,1,110782,88a79f3e-ca74-467c-b0a8-22802ac5b465,0.17,false,false,near_mint,de,EUR,2026-01-18T09:38:47.165Z
normal sets,binder,Reluctant Dounguard,ECL,Lorwyn Eclipsed,31,normal,common,1,110849,dbce93c0-5efc-4b60-9cef-9d9b374d397b,0.11,false,false,near_mint,de,EUR,2026-01-18T09:38:47.166Z
normal sets,binder,Heirloom Auntie,ECL,Lorwyn Eclipsed,107,normal,common,1,110623,cac251b2-d2cc-45b6-9ca8-678e0eab56ea,0.16,false,false,near_mint,de,EUR,2026-01-18T09:38:47.167Z
normal sets,binder,Enraged Flamecaster,ECL,Lorwyn Eclipsed,135,normal,common,1,110686,104baa2c-75c5-44fc-a3b9-b19efcf3d7c2,0.09,false,false,near_mint,de,EUR,2026-01-18T09:38:47.168Z
normal sets,binder,Great Forest Druid,ECL,Lorwyn Eclipsed,178,normal,common,1,110554,8793a19e-6743-4031-86d9-2ff55f384549,0.17,false,false,near_mint,de,EUR,2026-01-18T09:38:47.169Z
normal sets,binder,Glamermite,ECL,Lorwyn Eclipsed,50,normal,common,1,110825,b8b7c23a-0034-453c-ab44-f6ec0f31d1eb,0.15,false,false,near_mint,de,EUR,2026-01-18T09:38:47.170Z
normal sets,binder,Rooftop Percher,ECL,Lorwyn Eclipsed,2,normal,common,1,110464,2d89595c-1542-41fe-8d23-997522922698,0.1,false,false,near_mint,de,EUR,2026-01-18T09:38:47.171Z
normal sets,binder,Chaos Spewer,ECL,Lorwyn Eclipsed,210,normal,common,2,110599,b5918fa5-1d13-447b-8838-633b6b61e791,0.11,false,false,near_mint,de,EUR,2026-01-18T09:38:47.172Z
normal sets,binder,Sear,ECL,Lorwyn Eclipsed,154,normal,uncommon,1,110390,aeb4612c-758b-4492-ba03-eb6741b4176e,0.76,false,false,near_mint,de,EUR,2026-01-18T09:38:47.173Z
normal sets,binder,Encumbered Reejerey,ECL,Lorwyn Eclipsed,14,normal,uncommon,1,110692,15ff6797-f59c-4333-98ea-5711150fd5b8,0.14,false,false,near_mint,de,EUR,2026-01-18T09:38:47.174Z
normal sets,binder,Pitiless Fists,ECL,Lorwyn Eclipsed,187,normal,uncommon,1,110708,295d828b-b2e7-41c7-afbc-5fb5f4eb242c,0.48,false,false,near_mint,de,EUR,2026-01-18T09:38:47.175Z
normal sets,binder,Goldmeadow Nomad,ECL,Lorwyn Eclipsed,18,foil,common,1,110672,00ddbe6c-11de-4bc6-aabe-d6d8385a838a,0.17,false,false,near_mint,de,EUR,2026-01-18T09:38:47.177Z
normal sets,binder,"Brigid, Clachan's Heart // Brigid, Doun's Mind",ECL,Lorwyn Eclipsed,7,normal,rare,1,110841,cb7d5bbb-4f68-4e38-8bb0-a95af21b24c8,1.22,false,false,near_mint,de,EUR,2026-01-18T09:38:47.178Z
normal sets,binder,"Lluwen, Imperfect Naturalist",ECL,Lorwyn Eclipsed,232,normal,rare,1,110690,127a30a6-c25a-448a-a242-dc04f273a854,0.65,false,false,near_mint,de,EUR,2026-01-18T09:38:47.179Z
normal sets,binder,Liminal Hold,ECL,Lorwyn Eclipsed,24,normal,common,1,110583,a5a40c16-7a5c-4ad1-be53-6b1b1be2affe,0.02,false,false,near_mint,de,EUR,2026-01-18T09:38:47.180Z
normal sets,binder,Scarblade's Malice,ECL,Lorwyn Eclipsed,119,normal,common,1,110815,aea9b5c0-3b32-44be-9773-566b9daafa6b,0.22,false,false,near_mint,de,EUR,2026-01-18T09:38:47.181Z
normal sets,binder,Gristle Glutton,ECL,Lorwyn Eclipsed,144,normal,common,1,110805,a4164af6-356e-4de2-8377-dbe70434a996,0.15,false,false,near_mint,de,EUR,2026-01-18T09:38:47.182Z
normal sets,binder,Unforgiving Aim,ECL,Lorwyn Eclipsed,200,normal,common,1,110680,0bef3905-24f8-419b-aeca-396adfc6d0dc,0.18,false,false,near_mint,de,EUR,2026-01-18T09:38:47.183Z
normal sets,binder,Aquitect's Defenses,ECL,Lorwyn Eclipsed,44,normal,common,1,110799,9af9a907-fd2e-4ae0-ac7b-529074b79a14,0.1,false,false,near_mint,de,EUR,2026-01-18T09:38:47.184Z
normal sets,binder,Feisty Spikeling,ECL,Lorwyn Eclipsed,223,normal,common,1,110868,f69f3a27-ecda-4d27-82fe-612ed57dbb28,0.08,false,false,near_mint,de,EUR,2026-01-18T09:38:47.185Z
normal sets,binder,Stalactite Dagger,ECL,Lorwyn Eclipsed,261,normal,common,1,110762,6954df09-95f3-46cf-9ba8-2a1aea653d8f,0.19,false,false,near_mint,de,EUR,2026-01-18T09:38:47.186Z
normal sets,binder,Crib Swap,ECL,Lorwyn Eclipsed,11,normal,uncommon,2,110563,8f2fb3c6-af75-47a3-9f97-521872c32890,0.22,false,false,near_mint,de,EUR,2026-01-18T09:38:47.187Z
normal sets,binder,Thirst for Identity,ECL,Lorwyn Eclipsed,79,normal,uncommon,2,110834,c3949f8c-d1c5-45c2-80ed-a57f4f9af86e,0.24,false,false,near_mint,de,EUR,2026-01-18T09:38:47.188Z
normal sets,binder,Boggart Cursecrafter,ECL,Lorwyn Eclipsed,206,normal,uncommon,2,110820,b0b67eb9-0d88-4f2c-8063-e8bedfa78556,0.26,false,false,near_mint,de,EUR,2026-01-18T09:38:47.189Z
normal sets,binder,Chomping Changeling,ECL,Lorwyn Eclipsed,172,normal,uncommon,2,110419,e187dcc6-19ad-4cf6-94b4-daf07f5144e5,0.57,false,false,near_mint,de,EUR,2026-01-18T09:38:47.190Z
normal sets,binder,Eclipsed Realms,ECL,Lorwyn Eclipsed,263,normal,uncommon,2,110801,a174f0db-8b4f-4c37-9583-44c92d37b9c0,0.51,false,false,near_mint,de,EUR,2026-01-18T09:38:47.191Z
normal sets,binder,Formidable Speaker,ECL,Lorwyn Eclipsed,176,normal,rare,1,109145,265522eb-4f6a-40e7-b374-3833fa63c80b,14.51,false,false,near_mint,de,EUR,2026-01-18T09:38:47.193Z
normal sets,binder,Mountain,ECL,Lorwyn Eclipsed,272,normal,common,2,110313,295b92bc-d66f-45d8-9bbe-5f5f13e39fd4,0.11,false,false,near_mint,de,EUR,2026-01-18T09:38:47.176Z
normal sets,binder,Brambleback Brute,ECL,Lorwyn Eclipsed,128,normal,common,1,110754,5ebb8365-c6e1-46e8-a242-6aa27b21e68a,0.06,false,false,near_mint,de,EUR,2026-01-18T11:10:02.574Z
normal sets,binder,Chitinous Graspling,ECL,Lorwyn Eclipsed,211,normal,common,1,110810,a9767360-d536-4902-9d2d-1f3474ce89d6,0.03,false,false,near_mint,de,EUR,2026-01-18T11:10:02.575Z
normal sets,binder,Voracious Tome-Skimmer,ECL,Lorwyn Eclipsed,250,normal,uncommon,1,110303,1a696fe5-410c-4699-b1d1-1a9c771d664a,0.22,false,false,near_mint,de,EUR,2026-01-18T11:10:02.576Z
normal sets,binder,Springleaf Drum,ECL,Lorwyn Eclipsed,260,normal,uncommon,1,110640,e15ab0aa-4059-4923-9816-6f7a9e5b5a18,0.42,false,false,near_mint,de,EUR,2026-01-18T11:10:02.577Z
normal sets,binder,Impolite Entrance,ECL,Lorwyn Eclipsed,146,normal,uncommon,1,110493,45be88d8-0be1-47a2-a1c1-d6e693fc706f,0.83,false,false,near_mint,de,EUR,2026-01-18T11:10:02.578Z
normal sets,binder,Rime Chill,ECL,Lorwyn Eclipsed,64,normal,uncommon,1,110811,a9a425f4-2103-4f96-88a0-91fe554037d7,0.14,false,false,near_mint,de,EUR,2026-01-18T11:10:02.579Z
normal sets,binder,Personify,ECL,Lorwyn Eclipsed,28,normal,uncommon,1,110299,1172582d-fb2d-4022-95b1-e48b03df3a95,0.75,false,false,near_mint,de,EUR,2026-01-18T11:10:02.580Z
normal sets,binder,Forest,ECL,Lorwyn Eclipsed,273,normal,common,1,110396,b460f5f7-c7c9-400c-8419-23d614f45bf9,0.16,false,false,near_mint,de,EUR,2026-01-18T11:10:02.581Z
normal sets,binder,Emptiness,ECL,Lorwyn Eclipsed,222,normal,mythic,1,108964,c6409eca-bef6-4f3a-8bbb-d69ec5dbfc13,9.5,false,false,near_mint,de,EUR,2026-01-18T11:10:02.582Z
normal sets,binder,Gloom Ripper,ECL,Lorwyn Eclipsed,102,normal,rare,1,110860,e9ee5d4f-05d1-4e3a-b8d6-f22d0fddedf7,0.66,false,false,near_mint,de,EUR,2026-01-18T11:10:02.583Z
normal sets,binder,Blighted Blackthorn,ECL,Lorwyn Eclipsed,90,foil,common,1,110719,3515531a-45d6-4fe0-96a3-7ca1ce545068,0.17,false,false,near_mint,de,EUR,2026-01-18T11:10:02.584Z
normal sets,binder,Lasting Tarfire,ECL,Lorwyn Eclipsed,149,normal,uncommon,1,110574,9c4a95ac-072f-4219-80a0-1ce71f1b8411,0.26,false,false,near_mint,de,EUR,2026-01-18T11:10:02.586Z
normal sets,binder,Pestered Wellguard,ECL,Lorwyn Eclipsed,63,normal,uncommon,1,110732,3e06c99e-ecb2-42e9-ac58-2542de8d54a5,0.16,false,false,near_mint,de,EUR,2026-01-18T11:10:02.587Z
normal sets,binder,Protective Response,ECL,Lorwyn Eclipsed,29,normal,uncommon,1,110688,113975e1-7712-4760-96ad-405f8b4e41e3,0.33,false,false,near_mint,de,EUR,2026-01-18T11:10:02.588Z
normal sets,binder,Tributary Vaulter,ECL,Lorwyn Eclipsed,40,normal,common,2,110802,a1db2c83-41d1-4cc6-b9a3-fed504b01127,0.13,false,false,near_mint,de,EUR,2026-01-18T11:10:02.589Z
normal sets,binder,Firdoch Core,ECL,Lorwyn Eclipsed,255,normal,common,2,110788,8e45cd37-bf97-4742-978d-96f96ed653cd,0.17,false,false,near_mint,de,EUR,2026-01-18T11:10:02.590Z
normal sets,binder,Temple of Epiphany,40K,"Warhammer 40,000 Commander",298,normal,rare,1,72386,5faecebe-1688-40e9-89a4-1a523a8bd8d6,0.29,false,false,near_mint,de,EUR,2026-01-18T11:10:02.591Z
normal sets,binder,Assert Perfection,ECL,Lorwyn Eclipsed,164,normal,common,1,110522,6995b308-5582-4ca1-ab10-a536d5ca0a6d,0.07,false,false,near_mint,de,EUR,2026-01-18T11:10:02.592Z
normal sets,binder,Wanderwine Distracter,ECL,Lorwyn Eclipsed,82,normal,common,1,110624,cbf593a7-d4ae-4771-926a-3c1b2c8c901a,0.09,false,false,near_mint,de,EUR,2026-01-18T11:10:02.593Z
normal sets,binder,Boneclub Berserker,ECL,Lorwyn Eclipsed,126,normal,common,1,110597,b3dbbe30-3d6e-46f8-92c1-caee995cba1a,0.13,false,false,near_mint,de,EUR,2026-01-18T11:10:02.594Z
normal sets,binder,Sun-Dappled Celebrant,ECL,Lorwyn Eclipsed,37,normal,common,1,110376,91c715a5-6643-4064-a8a8-3e05dce15979,0.06,false,false,near_mint,de,EUR,2026-01-18T11:10:02.595Z
normal sets,binder,Barbed Bloodletter,ECL,Lorwyn Eclipsed,86,normal,common,1,110790,8ff1a13c-e338-42e9-8eb3-b303fabd67de,0.1,false,false,near_mint,de,EUR,2026-01-18T11:10:02.596Z
normal sets,binder,Flamekin Gildweaver,ECL,Lorwyn Eclipsed,140,normal,common,1,110821,b1628ece-a028-49d4-9065-ee997838c20a,0.2,false,false,near_mint,de,EUR,2026-01-18T11:10:02.597Z
normal sets,binder,Midnight Tilling,ECL,Lorwyn Eclipsed,182,normal,common,2,110619,c5112bbf-752c-41e7-9c61-4c81e6a77463,0.18,false,false,near_mint,de,EUR,2026-01-18T11:10:02.598Z
normal sets,binder,Blossombind,ECL,Lorwyn Eclipsed,45,normal,common,1,110479,382b83c0-bbbc-4db8-bc04-cfea79aed1b3,0.09,false,false,near_mint,de,EUR,2026-01-18T11:10:02.599Z
normal sets,binder,Gallant Fowlknight,ECL,Lorwyn Eclipsed,17,normal,common,1,110665,fb6096ba-8083-4207-9a3f-c1e4ff095204,0.08,false,false,near_mint,de,EUR,2026-01-18T11:23:32.252Z
normal sets,binder,Auntie's Sentence,ECL,Lorwyn Eclipsed,85,normal,common,1,110856,e64bfe16-7362-4982-9136-1f4e0d335441,0.14,false,false,near_mint,de,EUR,2026-01-18T11:23:32.253Z
normal sets,binder,Tweeze,ECL,Lorwyn Eclipsed,162,normal,common,2,110483,3ceab0e6-1bb8-487d-ab4b-2da8457b970a,0.16,false,false,near_mint,de,EUR,2026-01-18T11:23:32.254Z
normal sets,binder,Silvergill Peddler,ECL,Lorwyn Eclipsed,70,normal,common,2,110669,feba2bb6-6005-4ade-a4c5-97bbd54b43a3,0.14,false,false,near_mint,de,EUR,2026-01-18T11:23:32.256Z
normal sets,binder,Appeal to Eirdu,ECL,Lorwyn Eclipsed,5,normal,common,2,110356,68ce9752-21f9-48e9-bf48-7f76f1cecbc5,0.09,false,false,near_mint,de,EUR,2026-01-18T11:23:32.257Z
normal sets,binder,Stratosoarer,ECL,Lorwyn Eclipsed,72,normal,common,1,110746,4f607889-6f3f-4511-8920-88a39f3b28ca,0.15,false,false,near_mint,de,EUR,2026-01-18T11:23:32.258Z
normal sets,binder,Pyrrhic Strike,ECL,Lorwyn Eclipsed,30,normal,uncommon,1,110626,cce5b16d-07fb-4e64-8ec9-b8b29ba86cff,0.18,false,false,near_mint,de,EUR,2026-01-18T11:23:32.259Z
normal sets,binder,Shinestriker,ECL,Lorwyn Eclipsed,68,normal,uncommon,1,110309,214e78f9-5364-49ab-b17e-0c76549c583e,0.26,false,false,near_mint,de,EUR,2026-01-18T11:23:32.260Z
normal sets,binder,Soulbright Seeker,ECL,Lorwyn Eclipsed,157,normal,uncommon,1,110783,895ac890-608a-47de-8bc8-9337fd2064e8,0.07,false,false,near_mint,de,EUR,2026-01-18T11:23:32.261Z
normal sets,binder,Creakwood Safewright,ECL,Lorwyn Eclipsed,96,normal,uncommon,1,110727,3bcc24cf-776a-4182-bf77-a611ad90b28f,0.07,false,false,near_mint,de,EUR,2026-01-18T11:23:32.262Z
normal sets,binder,Mutable Explorer,ECL,Lorwyn Eclipsed,186,normal,rare,1,108959,8f35d95a-caea-4d5e-b98e-55da1ba7c92d,4.6,false,false,near_mint,de,EUR,2026-01-18T11:23:32.263Z
normal sets,binder,Island,ECL,Lorwyn Eclipsed,275,normal,common,1,110300,12ebd9c8-6587-456e-aba9-7aad1c2a09ea,0.48,false,false,near_mint,de,EUR,2026-01-18T11:23:32.265Z
normal sets,binder,Stalactite Dagger,ECL,Lorwyn Eclipsed,261,foil,common,1,110762,6954df09-95f3-46cf-9ba8-2a1aea653d8f,0.22,false,false,near_mint,de,EUR,2026-01-18T11:23:32.266Z
normal sets,binder,Dream Harvest,ECL,Lorwyn Eclipsed,216,normal,rare,1,110807,a4ebc0e7-02d7-4d38-9376-a39963e6d3fa,0.84,false,false,near_mint,de,EUR,2026-01-18T11:23:32.267Z
normal sets,binder,Boggart Cursecrafter,ECL,Lorwyn Eclipsed,331,normal,uncommon,1,110809,a942f56d-69ee-4151-baae-9a718ff6e7b6,0.5,false,false,near_mint,de,EUR,2026-01-18T11:23:32.268Z
normal sets,binder,Winnowing,ECL,Lorwyn Eclipsed,43,normal,rare,1,110425,f943a7d8-9550-427e-8c45-ef834329d345,0.02,false,false,near_mint,de,EUR,2026-01-18T11:23:32.269Z
normal sets,binder,Lofty Dreams,ECL,Lorwyn Eclipsed,58,normal,uncommon,1,110803,a2908ed1-517e-4f1a-94e5-b06fb033c1a6,0.14,false,false,near_mint,de,EUR,2026-01-18T11:23:32.271Z
normal sets,binder,Flaring Cinder,ECL,Lorwyn Eclipsed,225,normal,common,1,110675,0691a1a9-18e7-44b7-9a34-764b1ab45a76,0.14,false,false,near_mint,de,EUR,2026-01-18T11:23:32.272Z
normal sets,binder,Keep Out,ECL,Lorwyn Eclipsed,19,normal,common,2,110741,4ab1601c-634c-4f21-8926-ba3cb92008c1,0.15,false,false,near_mint,de,EUR,2026-01-18T11:23:32.273Z
normal sets,binder,Run Away Together,ECL,Lorwyn Eclipsed,67,normal,common,2,110474,35c56aff-1f0f-464a-b705-d67803e3d060,0.15,false,false,near_mint,de,EUR,2026-01-18T11:23:32.274Z
normal sets,binder,Crossroads Watcher,ECL,Lorwyn Eclipsed,173,normal,common,1,110359,6d62fcbb-f1a0-46ce-a4af-2a33bcc3ac8e,0.17,false,false,near_mint,de,EUR,2026-01-18T11:23:32.275Z
normal sets,binder,Flame-Chain Mauler,ECL,Lorwyn Eclipsed,138,normal,common,1,110533,752d7e8e-0dd0-4ace-9c89-a8f9ce73775e,0.14,false,false,near_mint,de,EUR,2026-01-18T11:23:32.276Z
normal sets,binder,Scarblade Scout,ECL,Lorwyn Eclipsed,118,normal,common,1,110833,c2412fea-4591-4345-913f-edc2da9ad975,0.12,false,false,near_mint,de,EUR,2026-01-18T11:23:32.277Z
normal sets,binder,Timid Shieldbearer,ECL,Lorwyn Eclipsed,39,normal,common,1,110699,1c672d38-a1a6-4912-a9a6-b11e7bf0cc67,0.09,false,false,near_mint,de,EUR,2026-01-18T11:23:32.278Z
normal sets,binder,Swamp,ECL,Lorwyn Eclipsed,271,normal,common,1,110305,1dd4d605-02a2-4183-b191-0bca8dfbf962,0.11,false,false,near_mint,de,EUR,2026-01-18T11:23:32.279Z
normal sets,binder,Blight Rot,ECL,Lorwyn Eclipsed,89,normal,common,2,110748,5201bdeb-ba47-459b-ac0d-603367914578,0.18,false,false,near_mint,de,EUR,2026-01-18T11:23:32.280Z
normal sets,binder,Feed the Flames,ECL,Lorwyn Eclipsed,137,normal,common,2,110753,59740755-c353-4b6c-a84c-3b76133ce3ec,0.18,false,false,near_mint,de,EUR,2026-01-18T11:23:32.281Z
normal sets,binder,Wildvine Pummeler,ECL,Lorwyn Eclipsed,203,normal,common,2,110689,11bad5c7-fe9a-4d89-a531-8d4f03d5a0e4,0.2,false,false,near_mint,de,EUR,2026-01-18T11:23:32.282Z
normal sets,binder,Gravelgill Scoundrel,ECL,Lorwyn Eclipsed,53,normal,common,2,110713,320bc30c-7a8a-411a-9f36-9c69126e131b,0.26,false,false,near_mint,de,EUR,2026-01-18T11:23:32.283Z
normal sets,binder,Goldmeadow Nomad,ECL,Lorwyn Eclipsed,18,normal,common,2,110672,00ddbe6c-11de-4bc6-aabe-d6d8385a838a,0.13,false,false,near_mint,de,EUR,2026-01-18T11:23:32.284Z
normal sets,binder,Blighted Blackthorn,ECL,Lorwyn Eclipsed,90,normal,common,2,110719,3515531a-45d6-4fe0-96a3-7ca1ce545068,0.15,false,false,near_mint,de,EUR,2026-01-18T11:23:32.285Z
normal sets,binder,Merrow Skyswimmer,ECL,Lorwyn Eclipsed,234,normal,common,2,110676,075b419a-fd44-4a9a-8c40-474562b7e11a,0.16,false,false,near_mint,de,EUR,2026-01-18T11:23:32.286Z
normal sets,binder,Stoic Grove-Guide,ECL,Lorwyn Eclipsed,243,normal,common,2,110730,3d5a3e25-c17a-47b1-a36d-d24d50e5bab3,0.1,false,false,near_mint,de,EUR,2026-01-18T11:23:32.287Z
normal sets,binder,Blossoming Defense,ECL,Lorwyn Eclipsed,167,normal,uncommon,2,110327,3cce80d0-b937-4325-a603-1278c110f244,0.21,false,false,near_mint,de,EUR,2026-01-18T11:23:32.288Z
normal sets,binder,Tanufel Rimespeaker,ECL,Lorwyn Eclipsed,77,normal,uncommon,1,110822,b357022c-7cd5-4e82-a183-7144f5a84102,0.38,false,false,near_mint,de,EUR,2026-01-18T11:23:32.289Z
normal sets,binder,Hovel Hurler,ECL,Lorwyn Eclipsed,230,normal,uncommon,1,110594,adc6a4c5-4e92-43ee-8d0c-204042965eb7,0.21,false,false,near_mint,de,EUR,2026-01-18T11:23:32.290Z
normal sets,binder,Kinbinding,ECL,Lorwyn Eclipsed,20,normal,rare,1,110398,b6e35fd5-de7e-40a8-a23c-00d07fd1ac56,0.53,false,false,near_mint,de,EUR,2026-01-18T11:23:32.291Z
normal sets,binder,Soulbright Seeker,ECL,Lorwyn Eclipsed,157,foil,uncommon,1,110783,895ac890-608a-47de-8bc8-9337fd2064e8,0.14,false,false,near_mint,de,EUR,2026-01-18T11:23:32.292Z
normal sets,binder,Burning Curiosity,ECL,Lorwyn Eclipsed,129,normal,common,2,110521,689ed288-6228-4d7e-b198-56a12b8be299,0.08,false,false,near_mint,de,EUR,2026-01-18T11:23:32.293Z
normal sets,binder,Mistmeadow Council,ECL,Lorwyn Eclipsed,183,normal,common,2,110845,d4a7c9bc-81c8-4c31-96a9-eb6ba7715e7f,0.17,false,false,near_mint,de,EUR,2026-01-18T11:23:32.294Z
normal sets,binder,Summit Sentinel,ECL,Lorwyn Eclipsed,73,normal,common,1,110776,81251057-f270-4f05-9dc5-205c70e1f295,0.13,false,false,near_mint,de,EUR,2026-01-18T11:23:32.295Z
normal sets,binder,Evolving Wilds,ECL,Lorwyn Eclipsed,264,normal,common,1,110560,8c632984-5176-4c37-91df-6577cc294b85,0.08,false,false,near_mint,de,EUR,2026-01-18T11:23:32.296Z
normal sets,binder,Wanderbrine Preacher,ECL,Lorwyn Eclipsed,41,normal,common,1,110485,3fc3f5f2-5a83-4358-8f23-42f26f345140,0.08,false,false,near_mint,de,EUR,2026-01-18T11:23:32.297Z
normal sets,binder,Boggart Prankster,ECL,Lorwyn Eclipsed,93,normal,common,1,110861,eb228ea6-9235-4093-aea7-708e743b1b44,0.11,false,false,near_mint,de,EUR,2026-01-18T11:23:32.298Z
normal sets,binder,Prideful Feastling,ECL,Lorwyn Eclipsed,238,normal,common,1,110535,7578cb61-f606-4559-a10a-343a583228ab,0.12,false,false,near_mint,de,EUR,2026-01-18T11:23:32.299Z
normal sets,binder,Changeling Wayfinder,ECL,Lorwyn Eclipsed,1,normal,common,1,110764,6c6061aa-a4da-4115-85b6-d0aa22f2386c,0.15,false,false,near_mint,de,EUR,2026-01-18T11:23:32.300Z
normal sets,binder,Boggart Mischief,ECL,Lorwyn Eclipsed,92,normal,uncommon,1,110387,aaeb9c9c-0f15-49dc-ae6d-2a958680f327,0.37,false,false,near_mint,de,EUR,2026-01-18T11:23:32.301Z
normal sets,binder,Evershrike's Gift,ECL,Lorwyn Eclipsed,15,normal,uncommon,1,110702,231e46b6-b91a-4582-8894-e7de1c50213f,0.08,false,false,near_mint,de,EUR,2026-01-18T11:23:32.302Z
normal sets,binder,Moon-Vigil Adherents,ECL,Lorwyn Eclipsed,184,normal,uncommon,1,110756,60621c37-62e1-4261-ae76-3946b4a0cfa3,0.44,false,false,near_mint,de,EUR,2026-01-18T11:23:32.303Z
normal sets,binder,High Perfect Morcant,ECL,Lorwyn Eclipsed,229,normal,rare,1,110080,dfe7b8bf-c150-4be0-aef4-e8bb6f09787a,5.93,false,false,near_mint,de,EUR,2026-01-18T11:23:32.304Z
normal sets,binder,Swamp,ECL,Lorwyn Eclipsed,281,foil,common,1,110322,35fe42f9-dd55-4ca4-af0a-59ecdff0dba8,0.45,false,false,near_mint,de,EUR,2026-01-18T11:23:32.305Z
normal sets,binder,Scarblade's Malice,ECL,Lorwyn Eclipsed,119,foil,common,1,110815,aea9b5c0-3b32-44be-9773-566b9daafa6b,0.33,false,false,near_mint,de,EUR,2026-01-18T11:23:32.306Z
normal sets,binder,Island,ECL,Lorwyn Eclipsed,270,normal,common,1,110392,b0da67fb-1cb2-4105-ab5c-b7c680b8116c,0.12,false,false,near_mint,de,EUR,2026-01-18T11:23:32.307Z
normal sets,binder,Hallowed Fountain,ECL,Lorwyn Eclipsed,265,normal,rare,1,108966,e056b55f-82ed-4fe0-ab0c-bb20fa4a218a,9.23,false,false,near_mint,de,EUR,2026-01-18T11:23:32.309Z
normal sets,binder,Puca's Eye,ECL,Lorwyn Eclipsed,259,normal,uncommon,1,110835,c3a5ca02-3829-4c42-b0dc-98b660f8a8f0,0.15,false,false,near_mint,de,EUR,2026-01-18T11:23:32.310Z
normal sets,binder,Warren Torchmaster,ECL,Lorwyn Eclipsed,163,normal,uncommon,1,110562,8f067a14-6667-4acf-b33d-e1149188a84d,0.31,false,false,near_mint,de,EUR,2026-01-18T11:23:32.311Z
normal sets,binder,Reaping Willow,ECL,Lorwyn Eclipsed,240,normal,uncommon,1,110794,97c33cc2-3573-410a-908b-c0392fff524b,0.22,false,false,near_mint,de,EUR,2026-01-18T11:23:32.312Z
normal sets,binder,Noggle the Mind,ECL,Lorwyn Eclipsed,60,normal,uncommon,1,110677,076c0ac1-722e-49ef-b815-ace210069972,0.18,false,false,near_mint,de,EUR,2026-01-18T11:23:32.313Z
normal sets,binder,Mischievous Sneakling,ECL,Lorwyn Eclipsed,235,normal,common,1,110726,3b66fa00-2fa6-4060-9e7f-8e3fde6deb73,0.15,false,false,near_mint,de,EUR,2026-01-18T11:23:32.314Z
normal sets,binder,Wary Farmer,ECL,Lorwyn Eclipsed,251,normal,common,1,110457,22d20c0d-176d-49c9-aa0b-2c5778548cc5,0.2,false,false,near_mint,de,EUR,2026-01-18T11:23:32.315Z
normal sets,binder,Kulrath Mystic,ECL,Lorwyn Eclipsed,56,normal,common,1,110477,377d257c-920c-4dd4-a4b1-01cbc631ef8f,0.14,false,false,near_mint,de,EUR,2026-01-18T11:23:32.316Z
normal sets,binder,Tend the Sprigs,ECL,Lorwyn Eclipsed,197,normal,common,2,110324,388f6d9d-bb9a-4a3d-93c5-701db194863c,0.15,false,false,near_mint,de,EUR,2026-01-18T11:23:32.317Z
normal sets,binder,Kulrath Zealot,ECL,Lorwyn Eclipsed,148,normal,common,2,110718,3502685d-4e57-4c5c-94c6-ae69048cdfbf,0.1,false,false,near_mint,de,EUR,2026-01-18T11:23:32.318Z
normal sets,binder,Moonglove Extractor,ECL,Lorwyn Eclipsed,109,normal,common,2,110369,8383e0ab-81b4-4a6b-b87b-dd9180dca1c2,0.11,false,false,near_mint,de,EUR,2026-01-18T11:23:32.319Z
normal sets,binder,Dawn's Light Archer,ECL,Lorwyn Eclipsed,174,normal,common,3,110771,76e80656-6bcb-4d99-8bd2-ca5f75f40daf,0.14,false,false,near_mint,de,EUR,2026-01-18T11:23:32.255Z
normal sets,binder,Forest,ECL,Lorwyn Eclipsed,273,foil,common,2,110396,b460f5f7-c7c9-400c-8419-23d614f45bf9,0.27,false,false,near_mint,de,EUR,2026-01-19T10:45:11.188Z
normal sets,binder,Swamp,ECL,Lorwyn Eclipsed,271,foil,common,2,110305,1dd4d605-02a2-4183-b191-0bca8dfbf962,0.28,false,false,near_mint,de,EUR,2026-01-19T10:45:11.190Z
normal sets,binder,Forest,ECL,Lorwyn Eclipsed,278,foil,common,1,110395,b43297de-7378-474f-a85f-910fa7cbb4f4,0.02,false,false,near_mint,de,EUR,2026-01-19T10:45:11.196Z
normal sets,binder,Mountain,ECL,Lorwyn Eclipsed,277,foil,common,1,110381,9b6fe3e2-a2cf-4209-ac9b-e04d02599360,0.06,false,false,near_mint,de,EUR,2026-01-19T10:45:11.197Z
normal sets,binder,Swamp,ECL,Lorwyn Eclipsed,276,foil,common,1,110295,0cf904da-496c-4d88-a62b-c736ba895078,0.02,false,false,near_mint,de,EUR,2026-01-19T10:45:11.198Z
normal sets,binder,Island,ECL,Lorwyn Eclipsed,275,foil,common,1,110300,12ebd9c8-6587-456e-aba9-7aad1c2a09ea,0.05,false,false,near_mint,de,EUR,2026-01-19T10:45:11.199Z
normal sets,binder,Plains,ECL,Lorwyn Eclipsed,274,foil,common,1,110352,6242dbef-8412-4ebd-9486-42cec1dc6794,0.02,false,false,near_mint,de,EUR,2026-01-19T10:45:11.200Z
normal sets,binder,Kinbinding,ECL,Lorwyn Eclipsed,407,foil,rare,1,110418,df94f428-f097-42cb-be03-3046e6867344,,false,false,near_mint,de,EUR,2026-01-19T10:45:11.201Z
normal sets,binder,Mountain,ECL,Lorwyn Eclipsed,272,foil,common,2,110313,295b92bc-d66f-45d8-9bbe-5f5f13e39fd4,0.2,false,false,near_mint,de,EUR,2026-01-19T10:45:11.189Z
normal sets,binder,Island,ECL,Lorwyn Eclipsed,270,foil,common,2,110392,b0da67fb-1cb2-4105-ab5c-b7c680b8116c,0.19,false,false,near_mint,de,EUR,2026-01-19T10:45:11.192Z
normal sets,binder,Plains,ECL,Lorwyn Eclipsed,269,foil,common,2,110325,3a438199-54f8-4702-81cf-a9d42e7cd9f1,0.09,false,false,near_mint,de,EUR,2026-01-19T10:45:11.193Z
normal sets,binder,Kinscaer Sentry,ECL,Lorwyn Eclipsed,22,normal,rare,1,110715,333bf101-14e8-4753-99bc-9174f42c4122,1.6,false,false,near_mint,de,EUR,2026-01-19T19:15:19.740Z
normal sets,binder,Raiding Schemes,ECL,Lorwyn Eclipsed,239,normal,rare,1,110679,0bab5da5-72a7-4340-9b53-492ab14a9f71,0.02,false,false,near_mint,de,EUR,2026-01-19T19:15:19.741Z
normal sets,binder,Bre of Clan Stoutarm,ECL,Lorwyn Eclipsed,207,foil,rare,1,110286,013cefb7-a059-45c2-81b0-187f35aac4a2,0.42,false,false,near_mint,de,EUR,2026-01-19T19:15:19.742Z
normal sets,binder,Surly Farrier,ECL,Lorwyn Eclipsed,196,normal,common,1,110431,056f7f51-18a9-4d80-8928-decaf4d12c0d,0.02,false,false,near_mint,de,EUR,2026-01-19T19:15:19.748Z
normal sets,binder,Sourbread Auntie,ECL,Lorwyn Eclipsed,158,normal,uncommon,1,110471,32fd226f-d1c6-432c-b846-9482f1944363,0.17,false,false,near_mint,de,EUR,2026-01-19T19:15:19.750Z
normal sets,binder,Sapling Nursery,ECL,Lorwyn Eclipsed,192,normal,rare,1,110712,3199bea9-fef7-45fe-8777-2103d84a9347,1.29,false,false,near_mint,de,EUR,2026-01-19T19:15:19.752Z
normal sets,binder,Twilight Diviner,ECL,Lorwyn Eclipsed,122,normal,rare,1,110737,443b6f30-1493-4d48-93d9-a91e22a7ebb3,0.27,false,false,near_mint,de,EUR,2026-01-19T19:15:19.753Z
normal sets,binder,Eclipsed Elf,ECL,Lorwyn Eclipsed,218,foil,uncommon,1,110800,9c8579f3-6125-4f22-b1c2-b7a0cfc50eed,0.29,false,false,near_mint,de,EUR,2026-01-19T19:15:19.754Z
normal sets,binder,Eclipsed Kithkin,ECL,Lorwyn Eclipsed,338,normal,uncommon,1,110855,e40d5d7c-4176-4faa-9701-933307eebb26,0.4,false,false,near_mint,de,EUR,2026-01-19T19:15:19.755Z
normal sets,binder,Eclipsed Merrow,ECL,Lorwyn Eclipsed,221,normal,uncommon,1,110704,2352750d-404d-4928-9bdb-1b0db599b70f,0.13,false,false,near_mint,de,EUR,2026-01-19T19:15:19.764Z
normal sets,binder,Boulder Dash,ECL,Lorwyn Eclipsed,127,normal,uncommon,1,110759,657a2a24-22d1-4bc2-9f22-ed361ae487e3,0.21,false,false,near_mint,de,EUR,2026-01-19T19:15:19.765Z
normal sets,binder,Perfect Intimidation,ECL,Lorwyn Eclipsed,115,normal,uncommon,1,110082,ff05b7f4-e0d0-4304-99b3-66ac804129fe,0.22,false,false,near_mint,de,EUR,2026-01-19T19:15:19.766Z
normal sets,binder,Slumbering Walker,ECL,Lorwyn Eclipsed,35,normal,rare,1,110777,81e82915-e734-4754-829f-f5da6a7c550d,0.02,false,false,near_mint,de,EUR,2026-01-19T19:15:19.767Z
normal sets,binder,Harmonized Crescendo,ECL,Lorwyn Eclipsed,408,foil,rare,1,110316,2dbd1ec1-2b66-4fcc-84cb-9d35afcec921,1.68,false,false,near_mint,de,EUR,2026-01-19T19:15:19.769Z
normal sets,binder,Forest,ECL,Lorwyn Eclipsed,273,normal,common,8,110396,b460f5f7-c7c9-400c-8419-23d614f45bf9,0.16,false,false,near_mint,en,EUR,2026-01-19T19:50:56.106Z
normal sets,binder,Mountain,ECL,Lorwyn Eclipsed,272,normal,common,2,110313,295b92bc-d66f-45d8-9bbe-5f5f13e39fd4,0.14,false,false,near_mint,en,EUR,2026-01-19T19:50:56.107Z
normal sets,binder,Swamp,ECL,Lorwyn Eclipsed,271,normal,common,2,110305,1dd4d605-02a2-4183-b191-0bca8dfbf962,0.11,false,false,near_mint,en,EUR,2026-01-19T19:50:56.108Z
normal sets,binder,Island,ECL,Lorwyn Eclipsed,270,normal,common,2,110392,b0da67fb-1cb2-4105-ab5c-b7c680b8116c,0.13,false,false,near_mint,en,EUR,2026-01-19T19:50:56.109Z
normal sets,binder,Plains,ECL,Lorwyn Eclipsed,269,normal,common,2,110325,3a438199-54f8-4702-81cf-a9d42e7cd9f1,0.13,false,false,near_mint,en,EUR,2026-01-19T19:50:56.110Z
normal sets,binder,Thriving Moor,DSC,Duskmourn: House of Horror Commander,317,normal,common,1,99201,7057e66a-8b5d-40d1-a685-124a8e0623c3,0.12,false,false,near_mint,en,EUR,2026-01-19T19:50:56.111Z
normal sets,binder,Thriving Bluff,BLC,Bloomburrow Commander,346,normal,common,1,96539,fe1789e8-fc45-45f5-8d98-1efce606efc4,0.16,false,false,near_mint,en,EUR,2026-01-19T19:50:56.112Z
normal sets,binder,Opal Palace,CMM,Commander Masters,422,normal,common,1,84994,e64ed120-1e33-4e31-8f16-ba56497c3c84,0.19,false,false,near_mint,en,EUR,2026-01-19T19:50:56.113Z
normal sets,binder,Thriving Isle,DSC,Duskmourn: House of Horror Commander,316,normal,common,1,99139,4a67f455-f193-4999-9286-bbccee546fa3,0.18,false,false,near_mint,en,EUR,2026-01-19T19:50:56.114Z
normal sets,binder,Thriving Heath,DSC,Duskmourn: House of Horror Commander,315,normal,common,1,99041,06329ca8-75b0-409d-bb80-6b9164f4e22a,0.17,false,false,near_mint,en,EUR,2026-01-19T19:50:56.115Z
normal sets,binder,Thriving Grove,BLC,Bloomburrow Commander,347,normal,common,1,96418,ab962037-6cf3-43a7-be74-b43bfd77a7a2,0.18,false,false,near_mint,en,EUR,2026-01-19T19:50:56.116Z
normal sets,binder,Path of Ancestry,TDC,Tarkir: Dragonstorm Commander,382,normal,common,1,104906,b8504812-fcf5-47d3-977d-1d9a11231fd0,0.16,false,false,near_mint,en,EUR,2026-01-19T19:50:56.117Z
normal sets,binder,Cultivate,EOC,Edge of Eternities Commander,95,normal,common,1,107071,7ee610ee-7711-4a6b-b441-d6c73e6ef2b4,0.68,false,false,near_mint,en,EUR,2026-01-19T19:50:56.118Z
normal sets,binder,Kodama's Reach,TDC,Tarkir: Dragonstorm Commander,261,normal,common,1,104775,84c27ded-a0f6-4965-8a44-e87f0972d1d8,1.53,false,false,near_mint,en,EUR,2026-01-19T19:50:56.119Z
normal sets,binder,Abundant Growth,INR,Innistrad Remastered,184,normal,common,1,102789,d15adc93-1a71-453b-8277-4a525a9cbc7b,0.14,false,false,near_mint,en,EUR,2026-01-19T19:50:56.120Z
normal sets,binder,Fertile Ground,AFC,Forgotten Realms Commander,158,normal,common,1,60613,0ade2db8-482e-42b0-939c-492dfbbe3b68,0.17,false,false,near_mint,en,EUR,2026-01-19T19:50:56.121Z
normal sets,binder,Ingot Chewer,UMA,Ultimate Masters,135,normal,common,1,43375,f84b4b61-0e92-4ca2-b4e0-ae846a2a8e37,0.12,false,false,near_mint,en,EUR,2026-01-19T19:50:56.122Z
normal sets,binder,Smokebraider,MM2,Modern Masters 2015,125,normal,common,1,11092,bf6090f5-dfee-4c3f-8257-7707fb6abf2c,0.13,false,false,near_mint,en,EUR,2026-01-19T19:50:56.123Z
normal sets,binder,Jungle Shrine,OTC,Outlaws of Thunder Junction Commander,303,normal,uncommon,1,93510,194c6ee7-c220-41a5-bf44-5e1d8d92879b,0.3,false,false,near_mint,en,EUR,2026-01-19T19:50:56.124Z
normal sets,binder,Seaside Citadel,BLC,Bloomburrow Commander,329,normal,uncommon,1,96408,a3286386-15da-42a7-aca9-fefb9df9f217,0.26,false,false,near_mint,en,EUR,2026-01-19T19:50:56.125Z
normal sets,binder,Opulent Palace,TDM,Tarkir: Dragonstorm,264,normal,uncommon,1,104491,21cb3b3b-0738-4c2e-a3fc-927fd6b9d3fb,0.19,false,false,near_mint,en,EUR,2026-01-19T19:50:56.126Z
normal sets,binder,Savage Lands,M3C,Modern Horizons 3 Commander,371,normal,uncommon,1,95144,c16bf099-af58-4061-a868-83e1275ae724,0.42,false,false,near_mint,en,EUR,2026-01-19T19:50:56.127Z
normal sets,binder,Sandsteppe Citadel,TDM,Tarkir: Dragonstorm,266,normal,uncommon,1,104603,47f47e7f-39ba-4807-8e32-7262a61dfbba,0.19,false,false,near_mint,en,EUR,2026-01-19T19:50:56.128Z
normal sets,binder,Frontier Bivouac,TDM,Tarkir: Dragonstorm,256,normal,uncommon,1,104702,679fff07-4796-4d91-8dd6-4e294383ce88,0.16,false,false,near_mint,en,EUR,2026-01-19T19:50:56.129Z
normal sets,binder,Ancient Ziggurat,CON,Conflux,141,normal,uncommon,1,23588,0348247d-0a70-4961-8590-9de41386c69b,2.51,false,false,near_mint,en,EUR,2026-01-19T19:50:56.130Z
normal sets,binder,Unclaimed Territory,M3C,Modern Horizons 3 Commander,399,normal,uncommon,1,94998,951762f1-716c-451c-af0d-c1f6de231a72,0.51,false,false,near_mint,en,EUR,2026-01-19T19:50:56.131Z
normal sets,binder,Fellwar Stone,TDC,Tarkir: Dragonstorm Commander,318,normal,uncommon,1,104965,ce55e00c-cd95-48eb-986e-edf5125f3534,1.14,false,false,near_mint,en,EUR,2026-01-19T19:50:56.132Z
normal sets,binder,Risen Reef,M20,Core Set 2020,217,normal,uncommon,1,45243,82389aaa-9f32-4169-a71c-1aea5af9e935,0.55,false,false,near_mint,en,EUR,2026-01-19T19:50:56.133Z
normal sets,binder,Garruk's Uprising,FDN,Foundations,220,normal,uncommon,1,100447,4805c303-e73b-443b-a09f-49d2c2c88bb5,0.55,false,false,near_mint,en,EUR,2026-01-19T19:50:56.134Z
normal sets,binder,Foundation Breaker,MH2,Modern Horizons 2,160,normal,uncommon,1,59551,4f08381e-34f5-4d08-b737-8c37964719e0,0.29,false,false,near_mint,en,EUR,2026-01-19T19:50:56.135Z
normal sets,binder,Eclipsed Flamekin,ECL,Lorwyn Eclipsed,219,normal,uncommon,1,110634,d907ae44-cd07-4409-946c-e97f584d9a81,0.1,false,false,near_mint,en,EUR,2026-01-19T19:50:56.136Z
normal sets,binder,Incandescent Soulstoke,MM2,Modern Masters 2015,119,normal,uncommon,1,11098,024e80e3-a36f-4c07-99d3-5dd8a2d8998f,0.57,false,false,near_mint,en,EUR,2026-01-19T19:50:56.137Z
normal sets,binder,Distant Melody,ECC,Lorwyn Eclipsed Commander,45,normal,common,1,110658,f1d7e8c9-0936-47eb-8996-309e7a7edcad,0.5,false,false,near_mint,en,EUR,2026-01-19T19:50:56.138Z
normal sets,binder,Arcane Signet,ECC,Lorwyn Eclipsed Commander,55,normal,uncommon,1,110589,aa9e7f3c-e752-4cee-9e9d-fae38ba27dc9,0.41,false,false,near_mint,en,EUR,2026-01-19T19:50:56.139Z
normal sets,binder,Command Tower,ECC,Lorwyn Eclipsed Commander,59,normal,common,1,110636,da4d9f44-9079-4144-8dd9-076be04032d4,0.33,false,false,near_mint,en,EUR,2026-01-19T19:50:56.140Z
normal sets,binder,Sol Ring,ECC,Lorwyn Eclipsed Commander,57,normal,uncommon,1,110430,04002706-2236-4b79-bdea-4f263e43cb9c,1.7,false,false,near_mint,en,EUR,2026-01-19T19:50:56.141Z
normal sets,binder,Secluded Courtyard,ECC,Lorwyn Eclipsed Commander,62,normal,uncommon,1,110573,98563d19-fa5d-4395-ba6c-2bd724d9c410,0.24,false,false,near_mint,en,EUR,2026-01-19T19:50:56.142Z
normal sets,binder,Crib Swap,ECL,Lorwyn Eclipsed,11,normal,uncommon,1,110563,8f2fb3c6-af75-47a3-9f97-521872c32890,0.21,false,false,near_mint,en,EUR,2026-01-19T19:50:56.143Z
normal sets,binder,Flamebraider,ECL,Lorwyn Eclipsed,139,normal,uncommon,1,110604,b8aa428c-5a77-444f-b75e-a113e46fe4e0,0.58,false,false,near_mint,en,EUR,2026-01-19T19:50:56.144Z
normal sets,binder,Shimmercreep,ECL,Lorwyn Eclipsed,120,normal,uncommon,1,110662,f7c02899-5f0f-4b38-bbbc-fbc8c46419a6,0.03,false,false,near_mint,en,EUR,2026-01-19T19:50:56.145Z
normal sets,binder,Shriekmaw,MKC,Murders at Karlov Manor Commander,139,normal,uncommon,1,90465,9c062442-a84b-4b47-8f84-a7c0abfff41b,0.22,false,false,near_mint,en,EUR,2026-01-19T19:50:56.146Z
normal sets,binder,Reality Shift,TDC,Tarkir: Dragonstorm Commander,163,normal,uncommon,1,104641,50c6d211-5854-4dfd-b594-8fa1efe180a1,0.42,false,false,near_mint,en,EUR,2026-01-19T19:50:56.147Z
normal sets,binder,Mulldrifter,MKC,Murders at Karlov Manor Commander,111,normal,uncommon,1,90576,eb6d8d1c-8d23-4273-9c9b-f3b71eb0e105,0.48,false,false,near_mint,en,EUR,2026-01-19T19:50:56.148Z
normal sets,binder,Path to Exile,OTC,Outlaws of Thunder Junction Commander,85,normal,uncommon,1,93790,a7aed564-2d2d-42c4-bf11-812bc1a0284c,1.34,false,false,near_mint,en,EUR,2026-01-19T19:50:56.149Z
normal sets,binder,Flamekin Village,CM2,Commander Anthology Volume II,251,normal,rare,1,1486,0fe90c85-c9ef-4ceb-9dc3-4d428b4157d5,1.39,false,false,near_mint,en,EUR,2026-01-19T19:50:56.150Z
normal sets,binder,Exotic Orchard,EOC,Edge of Eternities Commander,159,normal,rare,1,107347,e86174cd-0291-4fca-8e22-2d2b6f921460,0.23,false,false,near_mint,en,EUR,2026-01-19T19:50:56.151Z
normal sets,binder,Raging Ravine,BLC,Bloomburrow Commander,324,normal,rare,1,96483,da09a99b-af20-4294-a4a6-cb000dae9d73,0.16,false,false,near_mint,en,EUR,2026-01-19T19:50:56.152Z
normal sets,binder,Primal Beyond,MOR,Morningtide,149,normal,rare,1,24876,b4c28c1d-0ebf-4e95-8d0a-56be10cc0ef2,2.01,false,false,near_mint,en,EUR,2026-01-19T19:50:56.153Z
normal sets,binder,Chromatic Lantern,M3C,Modern Horizons 3 Commander,285,normal,rare,1,94967,69d76fe8-3ef1-491f-a69f-560f11611e42,1.92,false,false,near_mint,en,EUR,2026-01-19T19:50:56.154Z
normal sets,binder,Maelstrom Wanderer,CMM,Commander Masters,344,normal,rare,1,84698,a49c58b3-180f-420b-b091-114fda000360,1.57,false,false,near_mint,en,EUR,2026-01-19T19:50:56.155Z
normal sets,binder,"Jegantha, the Wellspring",IKO,Ikoria: Lair of Behemoths,222,normal,rare,1,49855,1d52e527-3835-4350-8c01-0f2d5d623b9c,0.54,false,false,near_mint,en,EUR,2026-01-19T19:50:56.156Z
normal sets,binder,Horde of Notions,MM2,Modern Masters 2015,178,normal,rare,1,11039,a5137c28-632f-40f4-bf9d-877f5f070987,0.43,false,false,near_mint,en,EUR,2026-01-19T19:50:56.157Z
normal sets,binder,Vernal Sovereign,CLU,Ravnica: Clue Edition,51,normal,rare,1,91045,8d4ebe8b-8d2f-4534-994e-e387f23cbe1d,0.37,false,false,near_mint,en,EUR,2026-01-19T19:50:56.158Z
normal sets,binder,Faeburrow Elder,ECC,Lorwyn Eclipsed Commander,53,normal,rare,1,110445,145dcac4-2c53-4ae9-9ede-24dc07474b01,0.49,false,false,near_mint,en,EUR,2026-01-19T19:50:56.159Z
normal sets,binder,Return of the Wildspeaker,M3C,Modern Horizons 3 Commander,242,normal,rare,1,94935,3fd677c8-5989-4b33-9746-539a5dcb6f3a,1.16,false,false,near_mint,en,EUR,2026-01-19T19:50:56.160Z
normal sets,binder,Realmwalker,LCC,The Lost Caverns of Ixalan Commander,250,normal,rare,1,88624,7d0f75c8-4cf7-46b3-af5c-7118453bd7a7,3.0,false,false,near_mint,en,EUR,2026-01-19T19:50:56.161Z
normal sets,binder,Bane of Progress,CMA,Commander Anthology,91,normal,rare,1,5195,66a23edd-96ad-4870-907f-2c332bc2e53b,2.57,false,false,near_mint,en,EUR,2026-01-19T19:50:56.162Z
normal sets,binder,Kindred Summons,AFC,Forgotten Realms Commander,163,normal,rare,1,60711,54c0cc74-0a5c-40ee-961b-ade71719937a,7.54,false,false,near_mint,en,EUR,2026-01-19T19:50:56.163Z
normal sets,binder,Cream of the Crop,MOR,Morningtide,117,normal,rare,1,24908,030b0a9d-d0cf-4f3a-97b3-3e1d59226ee6,5.16,false,false,near_mint,en,EUR,2026-01-19T19:50:56.164Z
normal sets,binder,Blasphemous Act,EOC,Edge of Eternities Commander,86,normal,rare,1,107215,fbeeb7d0-cda8-414b-82d3-a83f1883bdd2,2.52,false,false,near_mint,en,EUR,2026-01-19T19:50:56.165Z
normal sets,binder,Descendants' Fury,CMM,Commander Masters,736,normal,rare,1,84369,53117fac-5bb0-4bc3-b9ec-f0453c38d7f8,2.13,false,false,near_mint,en,EUR,2026-01-19T19:50:56.166Z
normal sets,binder,Slithermuse,MOR,Morningtide,50,normal,rare,1,24975,2ec9df4e-2ee7-4c77-91b0-ad6e624340cd,0.41,false,false,near_mint,en,EUR,2026-01-19T19:50:56.167Z
normal sets,binder,Hoofprints of the Stag,BLC,Bloomburrow Commander,140,normal,rare,1,96174,111fd453-244a-49f1-88e7-7cf1b8e975ee,0.19,false,false,near_mint,en,EUR,2026-01-19T19:50:56.168Z
normal sets,binder,Shatter the Sky,THB,Theros Beyond Death,37,normal,rare,1,47025,b706977b-db8e-4810-882d-ed3745404489,0.24,false,false,near_mint,en,EUR,2026-01-19T19:50:56.169Z
normal sets,binder,Timeless Lotus,DMU,Dominaria United,239,normal,mythic,1,71527,6f566387-3342-4325-ba4c-eee7626072ac,6.93,false,false,near_mint,en,EUR,2026-01-19T19:50:56.170Z
normal sets,binder,"Omnath, Locus of the Roil",M20,Core Set 2020,216,normal,mythic,1,45244,cb53a29d-2de2-4874-a6f3-0fecbfa14cf2,5.03,false,false,near_mint,en,EUR,2026-01-19T19:50:56.171Z
normal sets,binder,"Yarok, the Desecrated",M20,Core Set 2020,220,normal,mythic,1,45240,a1001d43-e11b-4e5e-acd4-4a50ef89977f,1.94,false,false,near_mint,en,EUR,2026-01-19T19:50:56.172Z
normal sets,binder,"Omnath, Locus of Rage",EOC,Edge of Eternities Commander,123,normal,mythic,1,107061,777552e5-cc2d-460f-b26f-977c6ebcfc6b,0.58,false,false,near_mint,en,EUR,2026-01-19T19:50:56.173Z
normal sets,binder,"Muldrotha, the Gravetide",FDN,Foundations,243,normal,mythic,1,100499,51710b19-68e3-4853-901f-e618bde61161,2.65,false,false,near_mint,en,EUR,2026-01-19T19:50:56.174Z
normal sets,binder,Titan of Industry,SNC,Streets of New Capenna,159,normal,mythic,1,67777,5b6f03c1-9e9d-4a0c-af3b-9753b440cd9f,2.89,false,false,near_mint,en,EUR,2026-01-19T19:50:56.175Z
normal sets,binder,"Selvala, Heart of the Wilds",M3C,Modern Horizons 3 Commander,246,normal,mythic,1,95125,819f30d8-6277-4811-b2c9-f78bc8f86fe7,4.2,false,false,near_mint,en,EUR,2026-01-19T19:50:56.176Z
normal sets,binder,Greenwarden of Murasa,NCC,New Capenna Commander,294,normal,mythic,1,68173,3460149e-8511-4387-83b9-1e4365ff6ea2,0.51,false,false,near_mint,en,EUR,2026-01-19T19:50:56.177Z
normal sets,binder,Cavalier of Thorns,M20,Core Set 2020,167,normal,mythic,1,45294,e4662a9c-3cbd-41f7-8c15-d048a3826a42,1.15,false,false,near_mint,en,EUR,2026-01-19T19:50:56.178Z
normal sets,binder,Avenger of Zendikar,TDC,Tarkir: Dragonstorm Commander,247,normal,mythic,1,104430,047e6ce0-b38b-467e-8bc5-102c71054bae,1.16,false,false,near_mint,en,EUR,2026-01-19T19:50:56.179Z
normal sets,binder,Haunting Voyage,KHM,Kaldheim,98,normal,mythic,1,56799,2ac5bca0-35fe-47be-a78c-d5eac68a3bfa,3.82,false,false,near_mint,en,EUR,2026-01-19T19:50:56.180Z
normal sets,binder,Fury,ECC,Lorwyn Eclipsed Commander,50,normal,mythic,1,110570,932d0fb9-382d-464a-9427-b91fa2398cdb,3.14,false,false,near_mint,en,EUR,2026-01-19T19:50:56.181Z
normal sets,binder,Endurance,ECC,Lorwyn Eclipsed Commander,51,normal,mythic,1,110602,b770471c-1bf7-4179-8418-dcd790ca5405,5.99,false,false,near_mint,en,EUR,2026-01-19T19:50:56.182Z
normal sets,binder,Abundant Countryside,ECC,Lorwyn Eclipsed Commander,22,normal,rare,1,110475,37478625-dd07-476d-bd9b-b2e0d71ac0d1,8.57,false,false,near_mint,en,EUR,2026-01-19T19:50:56.183Z
normal sets,binder,Sodden Verdure,ECC,Lorwyn Eclipsed Commander,24,normal,rare,1,110667,fd5e526a-2507-4c3c-ad6f-98d4253962df,2.84,false,false,near_mint,en,EUR,2026-01-19T19:50:56.184Z
normal sets,binder,Rain-Slicked Copse,ECC,Lorwyn Eclipsed Commander,23,normal,rare,1,110432,07be68c1-1272-4209-84b9-4fff9211b23e,1.72,false,false,near_mint,en,EUR,2026-01-19T19:50:56.185Z
normal sets,binder,Subterfuge,ECC,Lorwyn Eclipsed Commander,6,normal,rare,1,110668,fdbf0034-c28a-44ed-b817-519b2a3df3c4,2.29,false,false,near_mint,en,EUR,2026-01-19T19:50:56.186Z
normal sets,binder,Belonging,ECC,Lorwyn Eclipsed Commander,5,normal,rare,1,110588,a930c3f1-9c59-4627-829a-3cefb87ae2f4,1.55,false,false,near_mint,en,EUR,2026-01-19T19:50:56.187Z
normal sets,binder,Lamentation,ECC,Lorwyn Eclipsed Commander,10,normal,rare,1,110465,2dbc775a-ec2b-442f-a817-4108c05d7fab,1.0,false,false,near_mint,en,EUR,2026-01-19T19:50:56.188Z
normal sets,binder,Impulsivity,ECC,Lorwyn Eclipsed Commander,13,normal,rare,1,110614,c1c9ff71-b818-4d8b-8e0a-432becb7bf09,2.06,false,false,near_mint,en,EUR,2026-01-19T19:50:56.189Z
normal sets,binder,Jubilation,ECC,Lorwyn Eclipsed Commander,17,normal,rare,1,110587,a8eef44d-113c-428f-89e1-821418def041,4.33,false,false,near_mint,en,EUR,2026-01-19T19:50:56.190Z
normal sets,binder,Springleaf Parade,ECC,Lorwyn Eclipsed Commander,19,normal,rare,1,110491,44265489-645a-43b0-bc1f-726905b06876,6.14,false,false,near_mint,en,EUR,2026-01-19T19:50:56.191Z
normal sets,binder,Elemental Spectacle,ECC,Lorwyn Eclipsed Commander,15,normal,rare,1,110596,b012cbef-c9bc-41ac-8318-f1687340c5fa,0.79,false,false,near_mint,en,EUR,2026-01-19T19:50:56.192Z
normal sets,binder,Mass of Mysteries,ECC,Lorwyn Eclipsed Commander,3,foil,mythic,1,110371,871decb1-82e7-48f7-84be-96dde2d35770,0.54,false,false,near_mint,en,EUR,2026-01-19T19:50:56.193Z
normal sets,binder,"Ashling, the Limitless",ECC,Lorwyn Eclipsed Commander,1,foil,mythic,1,110350,5924c01f-2815-4e37-b700-3ba6cc81e0e4,1.56,false,false,near_mint,en,EUR,2026-01-19T19:50:56.194Z
normal sets,binder,Sewer-veillance Cam,TMT,Teenage Mutant Ninja Turtles,53,normal,common,1,111505,ab47a37b-b66d-4f70-9bf0-4d5ed6b518f3,0.15,false,false,near_mint,de,EUR,2026-02-28T21:23:01.413Z
normal sets,binder,Manhole Missile,TMT,Teenage Mutant Ninja Turtles,94,normal,common,2,111444,243e392b-48b0-4e90-ae22-9a696f45e878,0.05,false,false,near_mint,de,EUR,2026-02-28T21:23:01.414Z
normal sets,binder,Action News Crew,TMT,Teenage Mutant Ninja Turtles,1,normal,common,1,111347,bc0f5ca8-47bd-4451-8fd1-a312ff7d31ec,0.07,false,false,near_mint,de,EUR,2026-02-28T21:23:01.416Z
normal sets,binder,Foot Elite,TMT,Teenage Mutant Ninja Turtles,146,normal,common,1,111198,24bd571e-652a-4e7c-afc6-a45f0ccf62f6,0.16,false,false,near_mint,de,EUR,2026-02-28T21:23:01.419Z
normal sets,binder,"Lita, Little Orphan Amphibian",TMT,Teenage Mutant Ninja Turtles,19,normal,uncommon,1,111320,9fbaabb5-e981-4cbf-888c-46449412711f,0.25,false,false,near_mint,de,EUR,2026-02-28T21:23:01.420Z
normal sets,binder,Tainted Treats,TMT,Teenage Mutant Ninja Turtles,170,normal,uncommon,1,111613,fa684608-ecd3-43e2-99a1-71318f133e29,0.17,false,false,near_mint,de,EUR,2026-02-28T21:23:01.421Z
normal sets,binder,"Ray Fillet, Man Ray",TMT,Teenage Mutant Ninja Turtles,49,normal,uncommon,1,111438,14e0892c-a556-43c3-974f-6be44188da2e,0.02,false,false,near_mint,de,EUR,2026-02-28T21:23:01.422Z
normal sets,binder,Swamp,TMT,Teenage Mutant Ninja Turtles,193,normal,common,1,111219,41c7688d-8155-45fd-83ba-ff9be4d414a3,0.11,false,false,near_mint,de,EUR,2026-02-28T21:23:01.424Z
normal sets,binder,Turtles in Time,TMT,Teenage Mutant Ninja Turtles,284,foil,mythic,1,111206,36d5aba8-03e0-4ffb-9f0d-bc9d824fec95,3.77,false,false,near_mint,de,EUR,2026-02-28T21:23:01.425Z
normal sets,binder,"Raph & Mikey, Troublemakers",TMT,Teenage Mutant Ninja Turtles,167,normal,rare,1,110929,8795fba4-0ff3-4c04-a81c-60408608a00c,3.37,false,false,near_mint,de,EUR,2026-02-28T21:23:01.426Z
normal sets,binder,"Rat King, Verminister",TMT,Teenage Mutant Ninja Turtles,71,normal,rare,1,110950,be464d88-8933-46e8-97b0-3be05f1976a3,2.23,false,false,near_mint,de,EUR,2026-02-28T21:23:01.429Z
normal sets,binder,"Donatello, Turtle Techie",TMT,Teenage Mutant Ninja Turtles,37,normal,common,2,111475,683cfef0-f164-4db8-b83f-79eb804e50ae,0.07,false,false,near_mint,de,EUR,2026-02-28T21:23:01.430Z
normal sets,binder,"Casey Jones, Jury-Rig Justiciar",TMT,Teenage Mutant Ninja Turtles,87,normal,uncommon,1,109289,808a5bc0-0999-47cf-854c-30db6277efe5,0.13,false,false,near_mint,de,EUR,2026-02-28T21:23:01.431Z
normal sets,binder,Shredder's Technique,TMT,Teenage Mutant Ninja Turtles,77,normal,uncommon,1,111312,99a24349-7d11-421b-a161-c1edbb8f53b1,0.13,false,false,near_mint,de,EUR,2026-02-28T21:23:01.432Z
normal sets,binder,Mighty Mutanimals,TMT,Teenage Mutant Ninja Turtles,21,normal,uncommon,1,111467,5dd5369c-174c-450b-b776-553866787f8f,0.17,false,false,near_mint,de,EUR,2026-02-28T21:23:01.433Z
normal sets,binder,Foot Ninjas,TMT,Teenage Mutant Ninja Turtles,147,normal,common,1,111506,abb1ab9c-b067-4b75-8e5b-a893b7948df1,0.11,false,false,near_mint,de,EUR,2026-02-28T21:23:01.434Z
normal sets,binder,EPF Point Squad,TMT,Teenage Mutant Ninja Turtles,145,normal,common,1,111545,faab52c0-ce79-40af-a156-b193a62d439e,0.14,false,false,near_mint,de,EUR,2026-02-28T21:23:01.435Z
normal sets,binder,Ragamuffin Raptor,TMT,Teenage Mutant Ninja Turtles,130,normal,common,1,111449,2edc1d40-3154-4ec0-88c7-faf35fd5e560,0.13,false,false,near_mint,de,EUR,2026-02-28T21:23:01.436Z
normal sets,binder,Mouser Foundry,TMT,Teenage Mutant Ninja Turtles,96,normal,common,1,111490,8aae3bd6-a935-44a5-aa4d-a525b00cbf50,0.11,false,false,near_mint,de,EUR,2026-02-28T21:23:01.437Z
normal sets,binder,Return to the Sewers,TMT,Teenage Mutant Ninja Turtles,52,normal,common,1,111574,52e99505-17dc-4051-99f6-e23559fc6c95,0.07,false,false,near_mint,de,EUR,2026-02-28T21:23:01.438Z
normal sets,binder,Shredder's Revenge,TMT,Teenage Mutant Ninja Turtles,76,normal,common,1,111272,72fadf47-2e0b-4b24-b1bc-7c86780716b6,0.14,false,false,near_mint,de,EUR,2026-02-28T21:23:01.439Z
normal sets,binder,Grounded for Life,TMT,Teenage Mutant Ninja Turtles,7,normal,common,1,111479,72388199-85fa-4eba-9a9c-c2904e6da9ed,0.14,false,false,near_mint,de,EUR,2026-02-28T21:23:01.441Z
normal sets,binder,Negate,TMT,Teenage Mutant Ninja Turtles,47,normal,common,1,111242,52d58fe4-6070-4022-9cd7-c35a11b44525,0.17,false,false,near_mint,de,EUR,2026-02-28T21:23:01.443Z
normal sets,binder,Null Group Biological Assets,TMT,Teenage Mutant Ninja Turtles,98,normal,common,2,111536,eb44c134-fcd8-4ad8-841c-f1723ba93216,0.04,false,false,near_mint,de,EUR,2026-02-28T21:23:01.444Z
normal sets,binder,Mutant Chain Reaction,TMT,Teenage Mutant Ninja Turtles,125,normal,common,2,111297,8763e0ee-a48e-424f-8bce-132582d5944b,0.06,false,false,near_mint,de,EUR,2026-02-28T21:23:01.445Z
normal sets,binder,Punk Frogs,TMT,Teenage Mutant Ninja Turtles,164,normal,common,2,111561,375c91a3-53c4-4f2d-bf7b-2c79a219d3ae,0.05,false,false,near_mint,de,EUR,2026-02-28T21:23:01.446Z
normal sets,binder,Crustacean Commando,TMT,Teenage Mutant Ninja Turtles,33,normal,common,1,111496,9528cc07-df4b-417f-ad65-c2fae6fc2d49,0.03,false,false,near_mint,de,EUR,2026-02-28T21:23:01.447Z
normal sets,binder,"Wingnut, Bat on the Belfry",TMT,Teenage Mutant Ninja Turtles,110,normal,uncommon,2,111457,40b9b1d0-b7d1-473e-b6a9-a29d527c2f35,0.14,false,false,near_mint,de,EUR,2026-02-28T21:23:01.448Z
normal sets,binder,"Koya, Death from Above",TMT,Teenage Mutant Ninja Turtles,11,normal,uncommon,1,111584,7a4f1ccc-2225-4cd0-abef-0eb7a8eae9cf,0.16,false,false,near_mint,de,EUR,2026-02-28T21:23:01.449Z
normal sets,binder,"April O'Neil, Hacktivist",TMT,Teenage Mutant Ninja Turtles,29,normal,rare,1,109305,f0147f6d-b797-4d5e-aca2-a9d309896eca,0.02,false,false,near_mint,de,EUR,2026-02-28T21:23:01.452Z
normal sets,binder,Chrome Dome,TMT,Teenage Mutant Ninja Turtles,172,normal,rare,1,110936,994a01eb-2689-49e7-be23-0713da9da9a8,0.08,false,false,near_mint,de,EUR,2026-02-28T21:23:01.453Z
normal sets,binder,"Michelangelo, Weirdness to 11",TMT,Teenage Mutant Ninja Turtles,121,normal,rare,1,110906,18477047-218d-4b2a-a086-37431b6a3025,3.69,false,false,near_mint,de,EUR,2026-02-28T21:23:01.454Z
normal sets,binder,Turtle Lair,TMT,Teenage Mutant Ninja Turtles,190,normal,uncommon,1,111358,c50c4580-979b-4863-86b9-16e258198972,0.13,false,false,near_mint,de,EUR,2026-02-28T21:23:01.455Z
normal sets,binder,Escape Tunnel,TMT,Teenage Mutant Ninja Turtles,184,normal,common,2,111251,5df90940-15ea-418c-8547-6c75d69ec6d3,0.11,false,false,near_mint,de,EUR,2026-02-28T21:23:01.456Z
normal sets,binder,Groundchuck & Dirtbag,TMT,Teenage Mutant Ninja Turtles,115,normal,rare,1,110905,1563592e-0f21-4488-a3ec-ca766386e423,0.73,false,false,near_mint,de,EUR,2026-02-28T21:23:01.457Z
normal sets,binder,Brilliance Unleashed,TMT,Teenage Mutant Ninja Turtles,141,normal,uncommon,2,111595,b7ab2110-5aad-46c9-8dc4-1eac24b6f46b,0.08,false,false,near_mint,de,EUR,2026-02-28T21:23:01.460Z
normal sets,binder,West Wind Avatar,TMT,Teenage Mutant Ninja Turtles,137,normal,uncommon,1,111610,f4b8f7e6-9bff-430b-b2f5-4308d57d1194,0.37,false,false,near_mint,de,EUR,2026-02-28T21:23:01.461Z
normal sets,binder,Frog Butler,TMT,Teenage Mutant Ninja Turtles,114,normal,common,1,111520,d1a72d09-9cfc-463a-a9ec-3359003d54da,0.09,false,false,near_mint,de,EUR,2026-02-28T21:23:01.464Z
normal sets,binder,Bot Bashing Time,TMT,Teenage Mutant Ninja Turtles,85,normal,common,2,111552,08b3af61-d516-45ca-aede-2f50ba23cb07,0.04,false,false,near_mint,de,EUR,2026-02-28T21:23:01.465Z
normal sets,binder,Make Your Move,TMT,Teenage Mutant Ninja Turtles,20,normal,common,1,111537,ed8bdd98-6377-40cf-b381-cee38b1bda2a,0.15,false,false,near_mint,de,EUR,2026-02-28T21:23:01.467Z
normal sets,binder,Buzz Bots,TMT,Teenage Mutant Ninja Turtles,32,normal,common,1,111484,7c375190-f81b-4ab1-a1b6-fe432796821f,0.07,false,false,near_mint,de,EUR,2026-02-28T21:23:01.469Z
normal sets,binder,Tenderize,TMT,Teenage Mutant Ninja Turtles,133,normal,common,1,111511,bc19807b-09e8-4923-abc3-d4bbe8cde5fc,0.03,false,false,near_mint,de,EUR,2026-02-28T21:23:01.471Z
normal sets,binder,Uneasy Alliance,TMT,Teenage Mutant Ninja Turtles,28,normal,common,1,111575,5d9a4f9a-1e3a-4de8-a7c0-7158c6703b4e,0.15,false,false,near_mint,de,EUR,2026-02-28T21:23:01.472Z
normal sets,binder,Mechanized Ninja Cavalry,TMT,Teenage Mutant Ninja Turtles,156,normal,common,1,111445,2cb65388-dc6c-4e2a-93ac-49ea484849e9,0.13,false,false,near_mint,de,EUR,2026-02-28T21:23:01.474Z
normal sets,binder,Pain 101,TMT,Teenage Mutant Ninja Turtles,69,normal,common,1,111592,a1c70bf2-b2bd-4585-ba50-304f4dad8e62,0.15,false,false,near_mint,de,EUR,2026-02-28T21:23:01.475Z
normal sets,binder,Metalhead,TMT,Teenage Mutant Ninja Turtles,44,normal,uncommon,1,111563,3c2d8b09-8694-45ab-be01-f8dc17378cf0,0.2,false,false,near_mint,de,EUR,2026-02-28T21:23:01.476Z
normal sets,binder,"Leonardo, Big Brother",TMT,Teenage Mutant Ninja Turtles,14,normal,common,1,111534,e802838f-cc8c-4313-8c3b-32a6a7248e64,0.15,false,false,near_mint,de,EUR,2026-02-28T21:23:01.478Z
normal sets,binder,Saved by the Shell,TMT,Teenage Mutant Ninja Turtles,132,normal,uncommon,1,111611,f6314c7f-41dc-4bbd-99db-3a8a1d2977b2,0.15,false,false,near_mint,de,EUR,2026-02-28T21:23:01.480Z
normal sets,binder,Party Dude,TMT,Teenage Mutant Ninja Turtles,128,normal,rare,1,110953,d27b6f2a-84df-4097-a66a-8e463db47f58,2.5,false,false,near_mint,de,EUR,2026-02-28T21:23:01.481Z
normal sets,binder,Kitsune's Technique,TMT,Teenage Mutant Ninja Turtles,42,normal,rare,1,110939,9ca5327e-df90-483c-875f-73a23781f56d,1.88,false,false,near_mint,de,EUR,2026-02-28T21:23:01.482Z
normal sets,binder,Leonardo's Technique,TMT,Teenage Mutant Ninja Turtles,224,normal,rare,1,111202,2884abe5-80f4-4beb-850a-98f91ee929e3,3.78,false,false,near_mint,de,EUR,2026-02-28T21:23:01.485Z
normal sets,binder,"Jennika, Bad Apple Big Sister",TMT,Teenage Mutant Ninja Turtles,10,normal,common,1,111501,a5b83101-e3ef-4ffe-a886-4fc2b57a0947,0.18,false,false,near_mint,de,EUR,2026-02-28T21:23:01.486Z
normal sets,binder,Skateboard,TMT,Teenage Mutant Ninja Turtles,178,normal,uncommon,3,111527,deadb6d8-3eea-4261-a07c-8536df89e85c,0.49,false,false,near_mint,de,EUR,2026-02-28T21:23:01.487Z
normal sets,binder,Courier of Comestibles,TMT,Teenage Mutant Ninja Turtles,112,normal,uncommon,1,111245,53f5f704-2265-42bb-bff5-fd9d85bc2bfb,0.11,false,false,near_mint,de,EUR,2026-02-28T21:23:01.488Z
normal sets,binder,Hard-Won Jitte,TMT,Teenage Mutant Ninja Turtles,91,normal,uncommon,1,111250,5d3dc219-f024-49de-b88d-dc1e9e84184c,0.1,false,false,near_mint,de,EUR,2026-02-28T21:23:01.489Z
normal sets,binder,Mouser Mark III,TMT,Teenage Mutant Ninja Turtles,159,normal,common,2,111469,608a13b4-0b94-4be5-ac4b-e939901e8419,0.07,false,false,near_mint,de,EUR,2026-02-28T21:23:01.490Z
normal sets,binder,Ice Cream Kitty,TMT,Teenage Mutant Ninja Turtles,150,normal,common,1,111579,66081fd3-2457-4602-96c4-3075ddfec1c2,0.11,false,false,near_mint,de,EUR,2026-02-28T21:23:01.491Z
normal sets,binder,Foot Mystic,TMT,Teenage Mutant Ninja Turtles,63,normal,common,1,111577,61e40a18-6cc8-436d-826b-1cf8cd037df3,0.24,false,false,near_mint,de,EUR,2026-02-28T21:23:01.492Z
normal sets,binder,Zoo Escapees,TMT,Teenage Mutant Ninja Turtles,138,normal,common,1,111542,f57ba8ff-2f8c-4ca1-9b13-42a7cc213e99,,false,false,near_mint,de,EUR,2026-02-28T21:23:01.494Z
normal sets,binder,Rock Soldiers,TMT,Teenage Mutant Ninja Turtles,107,normal,common,1,111554,0fada65d-fd8d-4be9-b2bb-ea5cac78fdd7,0.06,false,false,near_mint,de,EUR,2026-02-28T21:23:01.495Z
normal sets,binder,"Bill Ferny, Bree Swindler",LTR,The Lord of the Rings: Tales of Middle-earth,42,normal,uncommon,1,82919,20ac63cb-fa4d-4340-8062-1029c8bd5ec8,0.06,false,false,near_mint,de,EUR,2026-02-28T21:23:01.497Z
normal sets,binder,Oath of the Grey Host,LTR,The Lord of the Rings: Tales of Middle-earth,101,normal,uncommon,1,83165,6a780abd-f276-40d3-b2af-d2e47d858d3d,0.07,false,false,near_mint,de,EUR,2026-02-28T21:23:01.498Z
normal sets,binder,"Shadowfax, Lord of Horses",LTR,The Lord of the Rings: Tales of Middle-earth,227,normal,uncommon,1,83062,4c7d861d-7832-4c15-8d6c-8c07a9a57891,0.07,false,false,near_mint,de,EUR,2026-02-28T21:23:01.499Z
normal sets,binder,Rising of the Day,LTR,The Lord of the Rings: Tales of Middle-earth,145,normal,uncommon,1,83538,d4fbcac6-8ac9-44a8-9d1a-03d0799ac253,0.22,false,false,near_mint,de,EUR,2026-02-28T21:23:01.500Z
normal sets,binder,Orcish Medicine,LTR,The Lord of the Rings: Tales of Middle-earth,104,normal,common,1,83149,66fae9ab-2302-4dea-a4e8-701938a0ef09,0.08,false,false,near_mint,de,EUR,2026-02-28T21:23:01.501Z
normal sets,binder,Surrounded by Orcs,LTR,The Lord of the Rings: Tales of Middle-earth,73,normal,common,1,82905,1c50d4c8-2311-4394-b73f-389eb81e898b,0.06,false,false,near_mint,de,EUR,2026-02-28T21:23:01.502Z
normal sets,binder,Swarming of Moria,LTR,The Lord of the Rings: Tales of Middle-earth,150,normal,common,1,82842,0a1bd073-4351-4c56-9b07-4430d0d83084,0.05,false,false,near_mint,de,EUR,2026-02-28T21:23:01.504Z
normal sets,binder,Forest,LTR,The Lord of the Rings: Tales of Middle-earth,281,normal,common,1,83018,3efeaa30-9db9-4e68-a658-9064d6e67516,0.37,false,false,near_mint,de,EUR,2026-02-28T21:23:01.505Z
normal sets,binder,Mountain,LTR,The Lord of the Rings: Tales of Middle-earth,278,normal,common,1,83401,b1902b98-7579-4b7a-8cb8-9bd0e0da5f67,0.27,false,false,near_mint,de,EUR,2026-02-28T21:23:01.506Z
normal sets,binder,Mordor Muster,LTR,The Lord of the Rings: Tales of Middle-earth,96,normal,common,1,83385,aae2f15a-0629-453e-992c-a199af194a3c,0.08,false,false,near_mint,de,EUR,2026-02-28T21:23:01.507Z
normal sets,binder,The Torment of Gollum,LTR,The Lord of the Rings: Tales of Middle-earth,110,normal,common,1,83441,ba2c8c25-1fa9-4cc4-a378-5eccc25bacf0,0.06,false,false,near_mint,de,EUR,2026-02-28T21:23:01.508Z
normal sets,binder,Soothing of Sméagol,LTR,The Lord of the Rings: Tales of Middle-earth,70,normal,common,1,83459,be6400e8-7f99-4005-9a92-ffbc359d3871,0.1,false,false,near_mint,de,EUR,2026-02-28T21:23:01.509Z
normal sets,binder,Captain of Umbar,LTR,The Lord of the Rings: Tales of Middle-earth,45,normal,common,1,83472,c222577d-a3c7-41d9-b11b-62065bdb98ef,0.05,false,false,near_mint,de,EUR,2026-02-28T21:23:01.510Z
normal sets,binder,Foray of Orcs,LTR,The Lord of the Rings: Tales of Middle-earth,128,normal,uncommon,1,83116,5fea0c66-c776-4dc7-a235-f3822521cacd,0.06,false,false,near_mint,de,EUR,2026-02-28T21:23:01.511Z
normal sets,binder,March from the Black Gate,LTR,The Lord of the Rings: Tales of Middle-earth,94,normal,uncommon,1,82810,e57815d4-b21f-4ceb-a3f1-73cff5f0e612,0.13,false,false,near_mint,de,EUR,2026-02-28T21:23:01.512Z
normal sets,binder,"Gothmog, Morgul Lieutenant",LTR,The Lord of the Rings: Tales of Middle-earth,87,normal,uncommon,1,83353,a1c10e93-88eb-46b9-8adc-583661807990,0.07,false,false,near_mint,de,EUR,2026-02-28T21:23:01.513Z
normal sets,binder,Knights of Dol Amroth,LTR,The Lord of the Rings: Tales of Middle-earth,432,normal,common,1,82848,0c511371-97d7-47cc-934c-939dfbdd1c0b,0.05,false,false,near_mint,de,EUR,2026-02-28T21:23:01.514Z
normal sets,binder,Mithril Coat,LTR,The Lord of the Rings: Tales of Middle-earth,245,normal,rare,1,82856,0fd1fc09-a09d-45e6-8a07-3a8a83b4e6ec,15.14,false,false,near_mint,de,EUR,2026-02-28T21:23:01.515Z
normal sets,binder,Spiteful Banditry,LTR,The Lord of the Rings: Tales of Middle-earth,439,normal,mythic,1,83647,f564871f-0f17-4196-bd1d-617b6738c87d,5.28,false,false,near_mint,de,EUR,2026-02-28T21:23:01.516Z
normal sets,binder,Glamdring,LTR,The Lord of the Rings: Tales of Middle-earth,239,normal,mythic,1,83241,8296ebf7-45ed-4b38-acf2-b48d9fb3e706,1.45,false,false,near_mint,de,EUR,2026-02-28T21:23:01.517Z
normal sets,binder,Nasty End,LTR,The Lord of the Rings: Tales of Middle-earth,416,normal,common,1,82993,37271b8b-3c58-43aa-b120-f0aa12fb3ad5,0.06,false,false,near_mint,de,EUR,2026-02-28T21:23:01.519Z
normal sets,binder,Improvised Arsenal,TMT,Teenage Mutant Ninja Turtles,92,normal,rare,3,110900,003265d9-b2fc-4916-afc8-53ed2d6aa053,0.52,false,false,near_mint,de,EUR,2026-02-28T21:23:01.520Z
normal sets,binder,"Rocksteady, Crash Courser",TMT,Teenage Mutant Ninja Turtles,131,normal,common,3,111607,ebbb5756-80fa-406f-8daa-be1f5a6c3c80,0.17,false,false,near_mint,de,EUR,2026-02-28T21:23:01.415Z
normal sets,binder,Stomped by the Foot,TMT,Teenage Mutant Ninja Turtles,82,normal,common,2,111566,3fdec16f-77f5-4792-9698-b9099a204028,0.15,false,false,near_mint,de,EUR,2026-02-28T21:23:01.417Z
normal sets,binder,Omni-Cheese Pizza,TMT,Teenage Mutant Ninja Turtles,176,normal,common,3,111609,f2c8397c-2014-4a43-9ed7-41795880011f,0.12,false,false,near_mint,de,EUR,2026-02-28T21:23:01.418Z
normal sets,binder,"Michelangelo, Game Master",TMT,Teenage Mutant Ninja Turtles,118,normal,common,2,111448,2e914c3d-2eed-48bf-af9a-a8998fd5111d,0.12,false,false,near_mint,de,EUR,2026-02-28T21:23:01.423Z
normal sets,binder,Foot Headquarters,TMT,Teenage Mutant Ninja Turtles,185,normal,common,2,111569,45e68113-3f05-4547-947d-4cb9ebfa73c7,0.15,false,false,near_mint,de,EUR,2026-02-28T21:23:01.427Z
normal sets,binder,High-Flying Ace,TMT,Teenage Mutant Ninja Turtles,9,normal,common,2,111535,e927eb0b-1c69-421a-8acd-01e92f729ffb,0.05,false,false,near_mint,de,EUR,2026-02-28T21:23:01.440Z
normal sets,binder,Anchovy & Banana Pizza,TMT,Teenage Mutant Ninja Turtles,57,normal,common,2,111568,44443ad2-ef8c-4106-ba1b-ee3fb6fd8b17,0.1,false,false,near_mint,de,EUR,2026-02-28T21:23:01.442Z
normal sets,binder,TCRI Building,TMT,Teenage Mutant Ninja Turtles,189,normal,common,3,111586,8817a1d6-ef39-4e7c-8277-74aea012803b,0.06,false,false,near_mint,de,EUR,2026-02-28T21:23:01.450Z
normal sets,binder,Nobody,TMT,Teenage Mutant Ninja Turtles,161,normal,common,2,111553,0966b8ff-61d3-4394-a357-97c35f042a29,0.15,false,false,near_mint,de,EUR,2026-02-28T21:23:01.451Z
normal sets,binder,Dimensional Exile,TMT,Teenage Mutant Ninja Turtles,4,normal,uncommon,2,111349,be8d96fb-a1be-4fff-b844-e38d185884e1,0.14,false,false,near_mint,de,EUR,2026-02-28T21:23:01.459Z
normal sets,binder,Mind Transfer Protocol,TMT,Teenage Mutant Ninja Turtles,45,normal,common,3,111447,2ddfcc4d-dd5f-42f1-8f33-a8e8b5354534,0.06,false,false,near_mint,de,EUR,2026-02-28T21:23:01.466Z
normal sets,binder,"Zog, Triceraton Castaway",TMT,Teenage Mutant Ninja Turtles,111,normal,common,2,111502,a83a70ba-448e-45f3-b23b-6f38af54811f,0.19,false,false,near_mint,de,EUR,2026-02-28T21:23:01.470Z
normal sets,binder,Warbeast of Gorgoroth,LTR,The Lord of the Rings: Tales of Middle-earth,152,normal,common,2,83112,5eeecb9e-fbde-429b-b3da-18a4dbadf6de,0.05,false,false,near_mint,de,EUR,2026-02-28T21:23:01.503Z
normal sets,binder,"Jennika, Bad Apple Big Sister",TMT,Teenage Mutant Ninja Turtles,203,foil,common,1,111472,64c6cf57-bc43-4b36-a01c-f4b2fadc8ce2,0.02,false,false,near_mint,de,EUR,2026-03-21T18:42:34.287Z
normal sets,binder,"Leatherhead, Swamp Stalker",TMT,Teenage Mutant Ninja Turtles,272,foil,rare,1,111274,745b5a3b-6fbb-467c-91a8-ebc2bfe144c4,1.76,false,false,near_mint,de,EUR,2026-03-21T18:43:39.632Z
normal sets,binder,Cytoplast Manipulator,PZA,Teenage Mutant Ninja Turtles Source Material,5,normal,mythic,1,111216,402e538f-c8f9-4fb7-9a9f-f9c75c9ca97f,0.02,false,false,near_mint,de,EUR,2026-03-21T18:44:26.765Z
normal sets,binder,Genghis Frog,TMT,Teenage Mutant Ninja Turtles,148,normal,uncommon,1,111283,7df26085-eedb-4bdd-a60a-aabfbe9c3157,0.09,false,false,near_mint,de,EUR,2026-03-21T18:46:47.333Z
normal sets,binder,Hamato Guardian Stance,TMT,Teenage Mutant Ninja Turtles,8,normal,common,1,111480,735b540b-b472-46fa-a232-d444cabf6c4c,0.02,false,false,near_mint,de,EUR,2026-03-21T18:46:47.335Z
normal sets,binder,Primordial Pachyderm,TMT,Teenage Mutant Ninja Turtles,129,normal,common,1,111531,e1a866e6-4108-4290-9680-8f1652fbcf77,0.02,false,false,near_mint,de,EUR,2026-03-21T18:46:47.336Z
normal sets,binder,Illegitimate Business,TMT,Teenage Mutant Ninja Turtles,186,normal,common,1,111583,71597acf-1ce6-46a8-b6c0-88755c8a377c,0.05,false,false,near_mint,de,EUR,2026-03-21T18:46:47.337Z
normal sets,binder,"Shark Shredder, Killer Clone",TMT,Teenage Mutant Ninja Turtles,320,foil,rare,1,111392,f2bc8cc8-715b-42a3-83fe-25972b5cbfe1,,false,false,near_mint,de,EUR,2026-03-21T18:46:47.339Z
normal sets,binder,Does Machines,TMT,Teenage Mutant Ninja Turtles,34,normal,rare,1,110935,989da63a-2cbd-41a9-9bbb-99f4ad1c6a25,0.81,false,false,near_mint,de,EUR,2026-03-21T18:46:47.340Z
normal sets,binder,Ninja Teen,TMT,Teenage Mutant Ninja Turtles,67,normal,rare,1,110903,0825a28f-f60b-4f80-83e3-cad6f9b266ce,1.57,false,false,near_mint,de,EUR,2026-03-21T18:51:50.241Z
normal sets,binder,"Lord Dregg, Insect Invader",TMT,Teenage Mutant Ninja Turtles,65,normal,uncommon,1,111588,8d1a9c8a-d0b6-4d83-a168-8078de4b14c7,0.05,false,false,near_mint,de,EUR,2026-03-21T18:51:50.243Z
normal sets,binder,Featherbrained Filcher,TMT,Teenage Mutant Ninja Turtles,6,normal,uncommon,1,111481,78c55706-4d00-4b97-965c-0b2d0963e59d,0.02,false,false,near_mint,de,EUR,2026-03-21T18:51:50.244Z
normal sets,binder,Insectoid Exterminator,TMT,Teenage Mutant Ninja Turtles,64,normal,common,1,111615,ff26f7ff-7f70-4204-9b48-de9e21dc89ec,0.02,false,false,near_mint,de,EUR,2026-03-21T18:51:50.247Z
normal sets,binder,Utrom Scientists,TMT,Teenage Mutant Ninja Turtles,56,normal,common,1,111478,6da89625-5278-49d4-813b-a1a631f114f5,0.05,false,false,near_mint,de,EUR,2026-03-21T18:51:50.250Z
normal sets,binder,Squirrelanoids,TMT,Teenage Mutant Ninja Turtles,81,normal,common,1,111597,be08d2b0-375b-434f-9e6d-060809e0ed34,0.07,false,false,near_mint,de,EUR,2026-03-21T18:51:50.251Z
normal sets,binder,"Splinter, Radical Rat",TMT,Teenage Mutant Ninja Turtles,169,normal,rare,1,110958,f0797466-c527-4d35-86bc-e0e90fd04073,1.08,false,false,near_mint,de,EUR,2026-03-21T18:51:50.255Z
normal sets,binder,"Leonardo, Leader in Blue",TMT,Teenage Mutant Ninja Turtles,196,normal,uncommon,1,111508,b7f4581f-e0c1-4cc3-b94c-dd104606c4af,0.02,false,false,near_mint,de,EUR,2026-03-21T18:51:50.256Z
normal sets,binder,Go Ninja Go,TMT,Teenage Mutant Ninja Turtles,149,normal,uncommon,1,111589,90e68cd8-ea76-4bd1-9199-474da9c3e8bf,0.13,false,false,near_mint,de,EUR,2026-03-21T18:51:50.257Z
normal sets,binder,Donatello's Technique,TMT,Teenage Mutant Ninja Turtles,39,normal,uncommon,1,111605,e570082f-8129-44d2-b471-ec7f46a98dbd,0.32,false,false,near_mint,de,EUR,2026-03-21T18:51:50.258Z
normal sets,binder,Henchbots,TMT,Teenage Mutant Ninja Turtles,174,normal,uncommon,1,111524,d77aa46e-fa57-4427-b0a3-0a957dc994dc,0.02,false,false,near_mint,de,EUR,2026-03-21T18:51:50.259Z
normal sets,binder,Slithering Cryptid,TMT,Teenage Mutant Ninja Turtles,168,normal,common,1,111476,6d35cb39-8832-4cf1-be73-8de49fbea529,0.07,false,false,near_mint,de,EUR,2026-03-21T18:51:50.261Z
normal sets,binder,Retro-Mutation,TMT,Teenage Mutant Ninja Turtles,51,normal,common,1,111571,4af284ba-fa54-43c5-8c76-3e1128957452,0.07,false,false,near_mint,de,EUR,2026-03-21T18:51:50.265Z
normal sets,binder,Tunnel Rats,TMT,Teenage Mutant Ninja Turtles,84,normal,common,1,111582,70faf7d8-008a-454a-a21b-702aa661b8f9,0.03,false,false,near_mint,de,EUR,2026-03-21T18:51:50.266Z
normal sets,binder,Shellshock,TMC,Teenage Mutant Ninja Turtles Eternal,25,normal,rare,1,111281,7d180bb8-6a33-4c55-b4c0-2abbf6595d7b,0.02,false,false,near_mint,de,EUR,2026-03-21T18:51:50.267Z
normal sets,binder,Swamp,TMT,Teenage Mutant Ninja Turtles,255,normal,common,1,109274,20f26dde-d1a3-4d0f-9ed9-cfcd9e4ce01e,1.01,false,false,near_mint,de,EUR,2026-03-21T18:51:50.269Z
normal sets,binder,Harmonize,TMC,Teenage Mutant Ninja Turtles Eternal,51,normal,uncommon,1,111305,90b42c40-d6ff-4fda-a040-1594f0ef9585,0.14,false,false,near_mint,de,EUR,2026-03-21T18:51:50.270Z
normal sets,binder,East Wind Avatar,TMT,Teenage Mutant Ninja Turtles,5,normal,common,2,111516,c9d5b56c-ad2a-4958-8783-4eceb8733610,0.02,false,false,near_mint,de,EUR,2026-03-21T18:51:50.252Z
normal sets,binder,Harsh Annotation,SOS,Secrets of Strixhaven,18,normal,uncommon,1,112706,e07a8fc7-c11c-4469-a31d-0abf40e57bbf,0.08,false,false,near_mint,de,EUR,2026-05-18T05:21:23.469Z
normal sets,binder,Wilt in the Heat,SOS,Secrets of Strixhaven,243,normal,common,1,112715,f63f7209-fc0f-400c-8076-125f3131cb32,0.04,false,false,near_mint,de,EUR,2026-05-18T05:21:23.470Z
normal sets,binder,Elemental Mascot,SOS,Secrets of Strixhaven,185,normal,common,1,111741,c507eb1c-48e9-4d28-bb2d-71f2a9df9ab0,0.03,false,false,near_mint,de,EUR,2026-05-18T05:21:23.471Z
normal sets,binder,Seize the Spoils,SOS,Secrets of Strixhaven,129,normal,common,2,111928,4ddf4e34-a1f9-4636-942d-0a08e9f94320,0.11,false,false,near_mint,de,EUR,2026-05-18T05:21:23.472Z
normal sets,binder,Muse's Encouragement,SOS,Secrets of Strixhaven,61,normal,common,1,112301,c59e0004-1d6a-42a1-8ce4-31da2af2e1bf,0.05,false,false,near_mint,de,EUR,2026-05-18T05:21:23.473Z
normal sets,binder,Adventurous Eater // Have a Bite,SOS,Secrets of Strixhaven,72,normal,common,1,112694,d40cc7da-c731-418e-8547-7033d1939450,0.02,false,false,near_mint,de,EUR,2026-05-18T05:21:23.474Z
normal sets,binder,Burrog Barrage,SOS,Secrets of Strixhaven,141,normal,common,1,112647,95d5b0a8-2b66-418e-9e5e-ecf7b304c31e,0.06,false,false,near_mint,de,EUR,2026-05-18T05:21:23.475Z
normal sets,binder,Interjection,SOS,Secrets of Strixhaven,22,normal,common,2,112560,0534cff6-299c-4155-b318-eb7581989e8a,0.03,false,false,near_mint,de,EUR,2026-05-18T05:21:23.476Z
normal sets,binder,Ajani's Response,SOS,Secrets of Strixhaven,6,normal,common,2,112654,9cd1417a-badc-4abd-a8ca-5b31f85c1072,0.06,false,false,near_mint,de,EUR,2026-05-18T05:21:23.477Z
normal sets,binder,Shopkeeper's Bane,SOS,Secrets of Strixhaven,159,normal,common,1,112651,97f7fbb9-228c-4a74-975b-38d3b6cecb32,0.1,false,false,near_mint,de,EUR,2026-05-18T05:21:23.478Z
normal sets,binder,Cheerful Osteomancer // Raise Dead,SOS,Secrets of Strixhaven,76,normal,common,1,112596,3c34660c-25e3-4ff5-9b2b-5554ded2bcc3,0.05,false,false,near_mint,de,EUR,2026-05-18T05:21:23.479Z
normal sets,binder,Landscape Painter // Vibrant Idea,SOS,Secrets of Strixhaven,56,normal,common,1,112264,c0bd30c4-3cdf-4eda-8be5-0fb5e5ddddbf,0.05,false,false,near_mint,de,EUR,2026-05-18T05:21:23.480Z
normal sets,binder,Rubble Rouser,SOS,Secrets of Strixhaven,128,normal,common,1,112664,afe61957-a9bb-42b0-98e8-b5fa418cbaff,0.07,false,false,near_mint,de,EUR,2026-05-18T05:21:23.481Z
normal sets,binder,Render Speechless,SOS,Secrets of Strixhaven,220,normal,common,1,112573,25bbb1c7-14e8-444f-ab98-e95f50927460,0.05,false,false,near_mint,de,EUR,2026-05-18T05:21:23.482Z
normal sets,binder,Mage Tower Referee,SOS,Secrets of Strixhaven,249,normal,common,1,112568,1ceb704a-97a8-49f9-b799-30f001404144,0.09,false,false,near_mint,de,EUR,2026-05-18T05:21:23.483Z
normal sets,binder,Thunderdrum Soloist,SOS,Secrets of Strixhaven,134,normal,uncommon,2,112234,590d1d95-ed13-4121-899f-f5a2d8a6617a,0.16,false,false,near_mint,de,EUR,2026-05-18T05:21:23.484Z
normal sets,binder,Zimone's Experiment,SOS,Secrets of Strixhaven,169,normal,uncommon,1,112376,a6597852-4267-4ea6-a391-f927e4833be2,0.1,false,false,near_mint,de,EUR,2026-05-18T05:21:23.485Z
normal sets,binder,Spectacle Summit,SOS,Secrets of Strixhaven,262,normal,common,1,112055,a0a66f7b-eab4-45da-8895-c2c2c7eb05f8,0.07,false,false,near_mint,de,EUR,2026-05-18T05:21:23.486Z
normal sets,binder,Hardened Academic,SOS,Secrets of Strixhaven,194,normal,rare,1,111681,06c9e8a7-2840-4cff-90af-c6636e598f78,0.37,false,false,near_mint,de,EUR,2026-05-18T05:21:23.487Z
normal sets,binder,Vibrant Outburst,SOS,Secrets of Strixhaven,240,normal,uncommon,1,112721,f9ba68ef-6efc-4249-8b74-e33f47173902,0.2,false,false,near_mint,de,EUR,2026-05-18T05:21:23.488Z
normal sets,binder,Rapier Wit,SOS,Secrets of Strixhaven,28,normal,common,2,112482,97b50521-5a0f-4dbd-8e15-f0f0d059c258,0.08,false,false,near_mint,de,EUR,2026-05-18T05:21:23.489Z
normal sets,binder,Mindful Biomancer,SOS,Secrets of Strixhaven,154,normal,common,1,112582,2c3a6eb8-ce0c-4dc8-9ed6-d2a9223eef53,0.03,false,false,near_mint,de,EUR,2026-05-18T05:21:23.490Z
normal sets,binder,Send in the Pest,SOS,Secrets of Strixhaven,100,normal,common,1,112576,283b508b-89f0-4c23-9686-b049e402b73c,0.08,false,false,near_mint,de,EUR,2026-05-18T05:21:23.491Z
normal sets,binder,Strife Scholar // Awaken the Ages,SOS,Secrets of Strixhaven,131,normal,common,1,112644,8de79312-2046-425e-9919-49afe19be81b,0.02,false,false,near_mint,de,EUR,2026-05-18T05:21:23.493Z
normal sets,binder,Spirit Mascot,SOS,Secrets of Strixhaven,230,normal,common,1,111682,123f1fde-d8de-4640-baa1-bb3781713168,0.13,false,false,near_mint,de,EUR,2026-05-18T05:21:23.494Z
normal sets,binder,Grapple with Death,SOS,Secrets of Strixhaven,192,normal,common,1,111657,62842fb4-8bd3-4d80-b4f9-5bc3c5cebd3a,0.1,false,false,near_mint,de,EUR,2026-05-18T05:21:23.495Z
normal sets,binder,Stand Up for Yourself,SOS,Secrets of Strixhaven,34,normal,uncommon,1,112384,b756ca13-b904-4510-9bbb-5bc2864abfbd,0.08,false,false,near_mint,de,EUR,2026-05-18T05:21:23.496Z
normal sets,binder,Mind Roots,SOS,Secrets of Strixhaven,203,normal,uncommon,1,112655,9d5fdbda-ebbe-45d6-a668-5ddee057a063,0.11,false,false,near_mint,de,EUR,2026-05-18T05:21:23.497Z
normal sets,binder,Rapturous Moment,SOS,Secrets of Strixhaven,219,normal,uncommon,1,112285,21afe19d-881a-48cb-863e-22942bea5ebe,0.15,false,false,near_mint,de,EUR,2026-05-18T05:21:23.498Z
normal sets,binder,Mathemagics,SOS,Secrets of Strixhaven,58,normal,mythic,1,110979,cd3cc172-5609-4bc8-9d84-50680fed6df9,3.2,false,false,near_mint,de,EUR,2026-05-18T05:21:23.499Z
normal sets,binder,Ancestral Anger,SOS,Secrets of Strixhaven,106,foil,common,1,112627,6c5a93d6-d4ab-4062-bb3c-1b5330bf15ad,0.12,false,false,near_mint,de,EUR,2026-05-18T05:21:23.500Z
normal sets,binder,Paradox Gardens,SOS,Secrets of Strixhaven,258,foil,common,1,112152,dbc3447e-1329-4ea1-b4ca-b321b0ffec8f,0.12,false,false,near_mint,de,EUR,2026-05-18T05:21:23.501Z
normal sets,binder,Forum of Amity,SOS,Secrets of Strixhaven,256,normal,common,1,111863,1de6c6cc-0c55-4997-8623-d7f796bd9ab8,0.05,false,false,near_mint,de,EUR,2026-05-18T05:21:23.502Z
normal sets,binder,Mage Tower Referee,SOS,Secrets of Strixhaven,249,foil,common,1,112568,1ceb704a-97a8-49f9-b799-30f001404144,0.03,false,false,near_mint,de,EUR,2026-05-18T05:21:23.503Z
normal sets,binder,Vicious Rivalry,SOS,Secrets of Strixhaven,241,normal,rare,1,112629,6fa9cd18-3181-4373-ab65-49bf9de9487f,0.64,false,false,near_mint,de,EUR,2026-05-18T05:21:23.504Z
normal sets,binder,"Witherbloom, the Balancer",SOS,Secrets of Strixhaven,245,normal,mythic,1,111762,ed7b2361-97c6-49e2-bf0b-4770f4ffe2f0,9.21,false,false,near_mint,de,EUR,2026-05-18T05:21:23.505Z
normal sets,binder,Inkshape Demonstrator,SOS,Secrets of Strixhaven,21,normal,uncommon,1,112505,bcfac992-9984-4529-b9ff-a42d58832b34,0.05,false,false,near_mint,de,EUR,2026-05-18T05:21:23.506Z
normal sets,binder,Teacher's Pest,SOS,Secrets of Strixhaven,238,normal,uncommon,1,112171,eaa358ac-761d-4507-aa15-3d4684027207,0.16,false,false,near_mint,de,EUR,2026-05-18T05:21:23.507Z
normal sets,binder,Matterbending Mage,SOS,Secrets of Strixhaven,59,normal,uncommon,1,112606,460c6afd-cddf-4fea-925f-b27517ff250a,0.05,false,false,near_mint,de,EUR,2026-05-18T05:21:23.508Z
normal sets,binder,Inkling Mascot,SOS,Secrets of Strixhaven,196,normal,common,1,111711,6d4a2f39-0e1e-4076-815a-2676a09a1aab,0.03,false,false,near_mint,de,EUR,2026-05-18T05:21:23.509Z
normal sets,binder,Sneering Shadewriter,SOS,Secrets of Strixhaven,101,normal,common,1,112608,4b4c120e-abe9-4f11-a7e4-bc3f723da4b2,0.09,false,false,near_mint,de,EUR,2026-05-18T05:21:23.510Z
normal sets,binder,Oracle's Restoration,SOS,Secrets of Strixhaven,156,normal,common,1,111670,0863a19d-4511-4a78-98dd-d194afd1c39b,0.07,false,false,near_mint,de,EUR,2026-05-18T05:21:23.511Z
normal sets,binder,Rehearsed Debater,SOS,Secrets of Strixhaven,29,normal,common,1,112724,fc6a1425-6733-42a2-94d9-605966398092,0.02,false,false,near_mint,de,EUR,2026-05-18T05:21:23.512Z
normal sets,binder,Goblin Glasswright // Craft with Pride,SOS,Secrets of Strixhaven,117,normal,common,1,112687,c85c5f06-dd31-4e2c-97be-2f64d65069ea,0.08,false,false,near_mint,de,EUR,2026-05-18T05:21:23.513Z
normal sets,binder,Terramorphic Expanse,SOS,Secrets of Strixhaven,265,normal,common,2,112047,9a4c5629-fadd-42b9-850f-9f8586a2ca50,0.07,false,false,near_mint,de,EUR,2026-05-18T05:21:23.514Z
normal sets,binder,Run Behind,SOS,Secrets of Strixhaven,66,normal,common,1,112601,40ecc34b-4cd0-4998-bbf4-7faa6fd3d7e0,0.07,false,false,near_mint,de,EUR,2026-05-18T05:21:23.515Z
normal sets,binder,Expressive Firedancer,SOS,Secrets of Strixhaven,114,normal,common,1,112286,259b8c45-6241-4206-a34e-34c7f401f47b,0.05,false,false,near_mint,de,EUR,2026-05-18T05:21:23.516Z
normal sets,binder,Ascendant Dustspeaker,SOS,Secrets of Strixhaven,8,normal,common,1,112702,de3de40b-a7ac-455e-add2-4e451b602d17,0.02,false,false,near_mint,de,EUR,2026-05-18T05:21:23.517Z
normal sets,binder,Studious First-Year // Rampant Growth,SOS,Secrets of Strixhaven,162,normal,common,1,111693,24f888dd-785c-4089-a89c-03f9080130ed,0.15,false,false,near_mint,de,EUR,2026-05-18T05:21:23.518Z
normal sets,binder,Potioner's Trove,SOS,Secrets of Strixhaven,251,normal,common,1,112570,2123b349-4649-4a15-a8b5-b54414d2b1b7,0.06,false,false,near_mint,de,EUR,2026-05-18T05:21:23.519Z
normal sets,binder,Bogwater Lumaret,SOS,Secrets of Strixhaven,177,normal,common,1,111650,7a42f51a-3377-47bb-b6fb-c0515bf1dcfb,0.12,false,false,near_mint,de,EUR,2026-05-18T05:21:23.520Z
normal sets,binder,"Orysa, Tide Choreographer",SOS,Secrets of Strixhaven,62,normal,uncommon,1,112212,010ed379-63f5-452c-9cd4-00d51647c0e3,0.08,false,false,near_mint,de,EUR,2026-05-18T05:21:23.521Z
normal sets,binder,Artistic Process,SOS,Secrets of Strixhaven,108,normal,uncommon,1,112262,bce9d933-be58-4301-beb4-07b04d0b69f0,0.08,false,false,near_mint,de,EUR,2026-05-18T05:21:23.522Z
normal sets,binder,Primary Research,SOS,Secrets of Strixhaven,26,normal,uncommon,1,112190,f6fdb814-45c6-4d14-afff-7f5bd1bd10a1,0.07,false,false,near_mint,de,EUR,2026-05-18T05:21:23.523Z
normal sets,binder,Forum Necroscribe,SOS,Secrets of Strixhaven,84,normal,uncommon,1,112624,67504a12-7414-4209-bf1c-624b4db19d52,0.11,false,false,near_mint,de,EUR,2026-05-18T05:21:23.524Z
normal sets,binder,Titan's Grave,SOS,Secrets of Strixhaven,266,foil,common,1,112068,a9ab41c8-3ee2-4676-9b8b-20c34d9f5f21,0.15,false,false,near_mint,de,EUR,2026-05-18T05:21:23.525Z
normal sets,binder,Steal the Show,SOS,Secrets of Strixhaven,130,normal,rare,1,112246,7ac6649f-980e-4404-9c05-458c30578ecc,0.15,false,false,near_mint,de,EUR,2026-05-18T05:21:23.526Z
normal sets,binder,Island,SOS,Secrets of Strixhaven,268,normal,common,1,111726,937250fe-bcad-4ff8-9406-286a69db7e0a,0.56,false,false,near_mint,de,EUR,2026-05-18T05:21:23.527Z
normal sets,binder,Embrace the Paradox,SOS,Secrets of Strixhaven,186,foil,common,1,112679,c0cf5e0f-3668-46f2-850d-d91a538e8ead,0.15,false,false,near_mint,de,EUR,2026-05-18T05:21:23.528Z
normal sets,binder,Colossus of the Blood Age,SOS,Secrets of Strixhaven,181,normal,uncommon,2,112387,bfa7f0a4-6b65-4e53-ba00-848df260d8e3,0.08,false,false,near_mint,de,EUR,2026-05-18T05:21:23.529Z
normal sets,binder,Diary of Dreams,SOS,Secrets of Strixhaven,248,normal,uncommon,1,111763,ee1e0a96-af80-444e-a456-5b256cf60625,0.12,false,false,near_mint,de,EUR,2026-05-18T05:21:23.530Z
normal sets,binder,Quandrix Charm,SOS,Secrets of Strixhaven,217,normal,uncommon,1,111696,318486e0-f255-40f5-8150-dc272eec9d7d,0.17,false,false,near_mint,de,EUR,2026-05-18T05:21:23.531Z
normal sets,binder,Visionary's Dance,SOS,Secrets of Strixhaven,242,normal,common,1,112638,846a0e79-a530-429e-8f7f-4b87f1b0156e,0.1,false,false,near_mint,de,EUR,2026-05-18T05:21:23.532Z
normal sets,binder,Stadium Tidalmage,SOS,Secrets of Strixhaven,232,normal,common,1,112658,a689289e-7141-4950-8a87-82e9bd6846fe,0.03,false,false,near_mint,de,EUR,2026-05-18T05:21:23.533Z
normal sets,binder,Efflorescence,SOS,Secrets of Strixhaven,144,normal,common,1,112634,79b9ace7-eceb-4f97-9ee7-d5ee3e0b3515,0.05,false,false,near_mint,de,EUR,2026-05-18T05:21:23.534Z
normal sets,binder,Stone Docent,SOS,Secrets of Strixhaven,36,normal,common,1,112682,c2abfffb-bf36-44af-9a27-6e109e4d77dd,0.05,false,false,near_mint,de,EUR,2026-05-18T05:21:23.535Z
normal sets,binder,Heated Argument,SOS,Secrets of Strixhaven,118,normal,common,1,111679,0038d212-3d95-4f98-8c2e-7b2404d0ced7,0.04,false,false,near_mint,de,EUR,2026-05-18T05:21:23.536Z
normal sets,binder,Textbook Tabulator,SOS,Secrets of Strixhaven,70,normal,common,1,112615,56f54fee-b48d-4582-8982-ca4c7b8ef553,0.03,false,false,near_mint,de,EUR,2026-05-18T05:21:23.537Z
normal sets,binder,Paradox Gardens,SOS,Secrets of Strixhaven,258,normal,common,1,112152,dbc3447e-1329-4ea1-b4ca-b321b0ffec8f,0.08,false,false,near_mint,de,EUR,2026-05-18T05:21:23.538Z
normal sets,binder,Burrog Banemaker,SOS,Secrets of Strixhaven,75,normal,common,1,112599,3e4f9d23-1a17-4188-ac91-f8ddea46a1c4,0.06,false,false,near_mint,de,EUR,2026-05-18T05:21:23.539Z
normal sets,binder,Spellbook Seeker // Careful Study,SOS,Secrets of Strixhaven,68,normal,common,1,112691,cc44eaa4-59a4-419e-b1d1-d92f354ff588,0.05,false,false,near_mint,de,EUR,2026-05-18T05:21:23.540Z
normal sets,binder,Ancestral Anger,SOS,Secrets of Strixhaven,106,normal,common,1,112627,6c5a93d6-d4ab-4062-bb3c-1b5330bf15ad,0.05,false,false,near_mint,de,EUR,2026-05-18T05:21:23.541Z
normal sets,binder,Honorbound Page // Forum's Favor,SOS,Secrets of Strixhaven,19,normal,common,1,112633,79a70863-860f-4a7b-9cb2-d3546b689d44,0.04,false,false,near_mint,de,EUR,2026-05-18T05:21:23.542Z
normal sets,binder,Imperious Inkmage,SOS,Secrets of Strixhaven,195,normal,common,1,112695,d5df1c3f-2536-4476-b8cd-34b026c38366,0.05,false,false,near_mint,de,EUR,2026-05-18T05:21:23.543Z
normal sets,binder,Pursue the Past,SOS,Secrets of Strixhaven,216,normal,common,1,112605,4584d5f7-b1f1-4c8e-80c5-ad35e44a968e,0.16,false,false,near_mint,de,EUR,2026-05-18T05:21:23.544Z
normal sets,binder,Brush Off,SOS,Secrets of Strixhaven,39,normal,uncommon,1,112323,151eab82-d20f-433b-b3bb-1d44e2871d5c,0.11,false,false,near_mint,de,EUR,2026-05-18T05:21:23.545Z
normal sets,binder,Borrowed Knowledge,SOS,Secrets of Strixhaven,178,normal,uncommon,2,112298,a3226e14-554d-47c9-b8b6-dfeb53cc41ba,0.13,false,false,near_mint,de,EUR,2026-05-18T05:21:23.546Z
normal sets,binder,Eternal Student,SOS,Secrets of Strixhaven,82,normal,uncommon,1,112720,f97fac69-3e77-4150-9702-cc726daa6d21,0.05,false,false,near_mint,de,EUR,2026-05-18T05:21:23.547Z
normal sets,binder,"Nita, Forum Conciliator",SOS,Secrets of Strixhaven,206,normal,rare,1,112540,fd80a87d-35d3-4ad1-8172-c85e93032d1d,0.09,false,false,near_mint,de,EUR,2026-05-18T05:21:23.548Z
normal sets,binder,Zaffai and the Tempests,SOS,Secrets of Strixhaven,246,normal,rare,1,112236,5bdbf507-6fd7-49f6-b437-8f2ce2d0eb0f,0.15,false,false,near_mint,de,EUR,2026-05-18T05:21:23.549Z
normal sets,binder,Return to the Ranks,SOA,Secrets of Strixhaven Mystical Archive,11,normal,rare,1,112515,cba93c84-3468-4c03-8198-87fb6c4b0968,0.37,false,false,near_mint,de,EUR,2026-05-18T05:21:23.550Z
normal sets,binder,Silverquill Charm,SOS,Secrets of Strixhaven,225,foil,uncommon,1,111655,3eb73579-f1c6-4762-81d2-9568ab501fac,0.33,false,false,near_mint,de,EUR,2026-05-18T05:21:23.551Z
normal sets,binder,Studious First-Year // Rampant Growth,SOS,Secrets of Strixhaven,162,foil,common,1,111693,24f888dd-785c-4089-a89c-03f9080130ed,0.27,false,false,near_mint,de,EUR,2026-05-18T05:21:23.552Z
normal sets,binder,Pensive Professor,SOS,Secrets of Strixhaven,63,normal,rare,1,111707,66d47940-84f9-4479-8562-45e5148435d4,0.52,false,false,near_mint,de,EUR,2026-05-18T05:21:23.553Z
normal sets,binder,Living History,SOS,Secrets of Strixhaven,121,normal,uncommon,1,112569,2028792c-fd60-40d4-bff7-3b82dbe1ffb5,0.06,false,false,near_mint,de,EUR,2026-05-18T05:21:23.554Z
normal sets,binder,Proctor's Gaze,SOS,Secrets of Strixhaven,213,normal,uncommon,1,112666,b127d543-0a90-4af6-9410-94d5cd30389e,0.12,false,false,near_mint,de,EUR,2026-05-18T05:21:23.555Z
normal sets,binder,Environmental Scientist,SOS,Secrets of Strixhaven,147,normal,uncommon,1,112403,f2bf6b36-43e4-49d9-98b2-cbb4304c248b,0.11,false,false,near_mint,de,EUR,2026-05-18T05:21:23.556Z
normal sets,binder,Poisoner's Apprentice,SOS,Secrets of Strixhaven,92,normal,uncommon,1,112591,3755a2e9-af55-4625-a006-2a86c7893a96,0.06,false,false,near_mint,de,EUR,2026-05-18T05:21:23.557Z
normal sets,binder,Pterafractyl,SOS,Secrets of Strixhaven,215,normal,common,1,112402,ecd33152-e290-4505-addd-a8d08cefdddd,0.04,false,false,near_mint,de,EUR,2026-05-18T05:21:23.558Z
normal sets,binder,Elite Interceptor // Rejoinder,SOS,Secrets of Strixhaven,12,normal,common,1,112577,2970683e-e69c-42cb-a067-34abd56fb42b,0.09,false,false,near_mint,de,EUR,2026-05-18T05:21:23.559Z
normal sets,binder,Rearing Embermare,SOS,Secrets of Strixhaven,127,normal,common,1,112561,06dd56bd-de92-4202-af31-7e881c34d799,0.04,false,false,near_mint,de,EUR,2026-05-18T05:21:23.560Z
normal sets,binder,Hydro-Channeler,SOS,Secrets of Strixhaven,54,normal,common,1,112563,099f8400-d70a-48ef-8ff6-645eae97e072,0.08,false,false,near_mint,de,EUR,2026-05-18T05:21:23.561Z
normal sets,binder,Last Gasp,SOS,Secrets of Strixhaven,86,normal,common,1,112698,da5f3729-6ec7-4482-90cb-83b973edeae4,0.02,false,false,near_mint,de,EUR,2026-05-18T05:21:23.562Z
normal sets,binder,Wild Hypothesis,SOS,Secrets of Strixhaven,167,normal,common,1,112559,04fdfabc-c247-4384-a5bb-f49035f8aae0,0.06,false,false,near_mint,de,EUR,2026-05-18T05:21:23.563Z
normal sets,binder,Hungry Graffalon,SOS,Secrets of Strixhaven,151,normal,common,1,112557,030b1272-5990-4bc9-8fc1-82cc05602060,0.02,false,false,near_mint,de,EUR,2026-05-18T05:21:23.564Z
normal sets,binder,Cost of Brilliance,SOS,Secrets of Strixhaven,77,normal,common,1,112594,3a46816b-9f75-4c72-9ec6-cded6a4a0d01,0.07,false,false,near_mint,de,EUR,2026-05-18T05:21:23.565Z
normal sets,binder,Banishing Betrayal,SOS,Secrets of Strixhaven,38,normal,common,1,111688,1ae9d2f3-7a9f-433a-aa1f-14337ae6f9d4,0.04,false,false,near_mint,de,EUR,2026-05-18T05:21:23.566Z
normal sets,binder,Unsubtle Mockery,SOS,Secrets of Strixhaven,136,normal,common,2,112580,2b7cb1a3-761e-470e-a164-6e29dd9448cd,0.04,false,false,near_mint,de,EUR,2026-05-18T05:21:23.567Z
normal sets,binder,Biblioplex Tomekeeper,SOS,Secrets of Strixhaven,247,normal,common,1,111740,bf2efdd9-d2b4-4bea-a5b9-dbb2eee4dfba,0.04,false,false,near_mint,de,EUR,2026-05-18T05:21:23.568Z
normal sets,binder,Embrace the Paradox,SOS,Secrets of Strixhaven,186,normal,common,1,112679,c0cf5e0f-3668-46f2-850d-d91a538e8ead,0.09,false,false,near_mint,de,EUR,2026-05-18T05:21:23.569Z
normal sets,binder,"Tam, Observant Sequencer // Deep Sight",SOS,Secrets of Strixhaven,237,normal,uncommon,1,111713,7120e71b-2976-451b-89a7-a1665dc6fb6b,0.11,false,false,near_mint,de,EUR,2026-05-18T05:21:23.570Z
normal sets,binder,Blazing Firesinger // Seething Song,SOS,Secrets of Strixhaven,109,normal,uncommon,1,112595,3ba971e7-0b7a-4750-896f-7cf063e66b2a,0.2,false,false,near_mint,de,EUR,2026-05-18T05:21:23.571Z
normal sets,binder,"Emil, Vastlands Roamer",SOS,Secrets of Strixhaven,146,normal,uncommon,1,112589,3654416d-8558-4af2-9e10-18dbc8f2b376,0.12,false,false,near_mint,de,EUR,2026-05-18T05:21:23.572Z
normal sets,binder,Snooping Page,SOS,Secrets of Strixhaven,227,normal,uncommon,1,112459,73d06987-8686-461b-b260-9a4fee6a3b32,0.1,false,false,near_mint,de,EUR,2026-05-18T05:21:23.573Z
normal sets,binder,Ark of Hunger,SOS,Secrets of Strixhaven,173,normal,rare,1,112311,79d01c19-162b-4a12-9e27-18366d95eaa0,0.25,false,false,near_mint,de,EUR,2026-05-18T05:21:23.574Z
normal sets,binder,Titan's Grave,SOS,Secrets of Strixhaven,266,normal,common,1,112068,a9ab41c8-3ee2-4676-9b8b-20c34d9f5f21,0.05,false,false,near_mint,de,EUR,2026-05-18T05:21:23.575Z
normal sets,binder,Molten-Core Maestro,SOS,Secrets of Strixhaven,125,normal,rare,1,111697,326dfe32-3674-4a11-acd8-5ba62371235a,0.99,false,false,near_mint,de,EUR,2026-05-18T05:21:23.576Z
normal sets,binder,Traumatic Critique,SOS,Secrets of Strixhaven,239,normal,rare,1,112221,2a812fa7-4599-4e25-97db-20ffc6bc0b26,1.85,false,false,near_mint,de,EUR,2026-05-18T05:21:23.578Z
normal sets,binder,Additive Evolution,SOS,Secrets of Strixhaven,139,normal,uncommon,1,112313,b44ec684-d558-45eb-bcd6-8119428634c2,0.08,false,false,near_mint,de,EUR,2026-05-18T05:21:23.579Z
normal sets,binder,End of the Hunt,SOS,Secrets of Strixhaven,81,normal,uncommon,1,112320,0809b51a-6a05-4f18-9bf4-1b8382da648f,0.13,false,false,near_mint,de,EUR,2026-05-18T05:21:23.580Z
normal sets,binder,Essence Scatter,SOS,Secrets of Strixhaven,47,normal,common,2,112586,32840097-0531-4c43-b6a8-e76c17420b04,0.08,false,false,near_mint,de,EUR,2026-05-18T05:21:23.492Z
normal sets,binder,Disdainful Stroke,SOA,Secrets of Strixhaven Mystical Archive,17,normal,uncommon,1,111792,3a057032-6ece-4aa7-8e99-df2a07359b2b,0.13,false,false,near_mint,de,EUR,2026-05-18T05:22:58.735Z
normal sets,binder,Duty Beyond Death,SOA,Secrets of Strixhaven Mystical Archive,4,normal,uncommon,1,111803,6f8f8183-d17a-41b8-b3b5-914f193fd964,0.13,false,false,near_mint,de,EUR,2026-05-18T05:23:27.972Z
normal sets,binder,Royal Treatment,SOA,Secrets of Strixhaven Mystical Archive,56,normal,uncommon,1,112412,009bad41-5e96-4bb3-9f5e-66500fb8af29,0.09,false,false,near_mint,de,EUR,2026-05-18T05:23:45.381Z
normal sets,binder,Repel Calamity,SOA,Secrets of Strixhaven Mystical Archive,8,normal,uncommon,2,112424,1c2cf02f-97f3-47f0-9382-c580f3033635,0.08,false,false,near_mint,de,EUR,2026-05-18T05:24:13.695Z
normal sets,binder,Feed the Swarm,SOA,Secrets of Strixhaven Mystical Archive,29,normal,uncommon,1,112488,a041cfe3-a02d-41e2-aea3-76bc2bacc10e,0.14,false,false,near_mint,de,EUR,2026-05-18T05:24:29.338Z
normal sets,binder,Return the Favor,SOA,Secrets of Strixhaven Mystical Archive,47,normal,uncommon,1,112535,e968efff-635b-4780-9bbe-099e75a1841b,0.22,false,false,near_mint,de,EUR,2026-05-18T05:24:43.794Z
normal sets,binder,Stargaze,SOA,Secrets of Strixhaven Mystical Archive,34,normal,uncommon,1,112445,5c9caa7b-0268-4606-a71d-82dff16e6418,0.11,false,false,near_mint,de,EUR,2026-05-18T05:25:00.994Z
normal sets,binder,Monstrous Rage,SOA,Secrets of Strixhaven Mystical Archive,45,normal,uncommon,1,112439,4b2e000b-a147-443b-9138-9ff2d16c0422,0.13,false,false,near_mint,de,EUR,2026-05-18T05:25:28.010Z
normal sets,binder,Pull from the Grave,SOS,Secrets of Strixhaven,95,foil,common,1,111658,d73612fe-8992-4650-a7e3-c7b662da6a03,0.14,false,false,near_mint,de,EUR,2026-05-18T05:25:47.963Z
normal sets,binder,Eternal Student,SOS,Secrets of Strixhaven,82,foil,uncommon,1,112720,f97fac69-3e77-4150-9702-cc726daa6d21,0.09,false,false,near_mint,de,EUR,2026-05-18T05:26:04.368Z
normal sets,binder,Scheming Silvertongue // Sign in Blood,SOS,Secrets of Strixhaven,99,normal,rare,1,112541,fe85a124-0d8b-4a29-8df1-65888a39147f,1.39,false,false,near_mint,de,EUR,2026-05-18T05:26:18.525Z
normal sets,binder,Pull from the Grave,SOS,Secrets of Strixhaven,95,normal,common,1,111658,d73612fe-8992-4650-a7e3-c7b662da6a03,0.06,false,false,near_mint,de,EUR,2026-05-18T05:26:28.133Z
normal sets,binder,Forest,SOS,Secrets of Strixhaven,271,foil,common,1,111795,46196e8f-9339-4f00-b9cf-cab8f9abc80e,0.53,false,false,near_mint,de,EUR,2026-05-18T05:29:04.011Z
normal sets,binder,Mountain,SOS,Secrets of Strixhaven,270,foil,common,1,111710,6af1f1db-eb91-4297-83f6-9318b87fd220,0.56,false,false,near_mint,de,EUR,2026-05-18T05:29:04.012Z
normal sets,binder,Island,SOS,Secrets of Strixhaven,268,foil,common,1,111726,937250fe-bcad-4ff8-9406-286a69db7e0a,0.58,false,false,near_mint,de,EUR,2026-05-18T05:29:04.013Z
normal sets,binder,Plains,SOS,Secrets of Strixhaven,267,foil,common,1,111731,a845de50-4af0-4f4a-9c2a-db587973571c,0.58,false,false,near_mint,de,EUR,2026-05-18T05:29:04.014Z
normal sets,binder,Wisdom of Ages,SOS,Secrets of Strixhaven,368,foil,rare,1,111766,f064a5ff-7139-45e3-9012-cf666e4984c4,0.23,false,false,near_mint,de,EUR,2026-05-18T05:29:04.015Z
normal sets,binder,Swamp,SOS,Secrets of Strixhaven,269,foil,common,1,111786,1797d5c7-d3fa-4184-85ae-46db14ddf523,0.58,false,false,near_mint,de,EUR,2026-05-18T05:29:24.538Z
normal sets,binder,Hero in Training,MSH,Marvel Super Heroes,16,normal,common,3,113541,105a937b-289c-47b5-96a4-654c697bbb7d,0.03,false,false,near_mint,de,EUR,2026-06-22T09:09:42.156Z
normal sets,binder,Thunderbolts Conspiracy,MSH,Marvel Super Heroes,117,normal,rare,1,110075,f498c1a4-54d2-4e87-952f-8cf7e408930c,0.02,false,false,near_mint,de,EUR,2026-06-22T09:09:42.155Z
normal sets,binder,Roxxon Brutes,MSH,Marvel Super Heroes,113,normal,common,5,113414,66550490-74e1-4bf1-8741-1266dfab3a03,0.06,false,false,near_mint,de,EUR,2026-06-22T09:09:42.154Z
normal sets,binder,Go Nuts!,MSH,Marvel Super Heroes,168,normal,common,4,113136,152a7b5b-2d95-45d3-8fd9-0ca1d5a79f8b,0.04,false,false,near_mint,de,EUR,2026-06-22T09:09:42.153Z
normal sets,binder,"Spider-Man, To the Rescue",MSH,Marvel Super Heroes,228,normal,uncommon,2,114050,e5db6968-1ca3-46bd-8cf9-e2c411ab29c1,0.17,false,false,near_mint,de,EUR,2026-06-22T09:09:42.152Z
normal sets,binder,"Doc Samson, Super Psychiatrist",MSH,Marvel Super Heroes,164,normal,uncommon,1,113329,19dc5fcc-d05d-41a0-84c5-2dec996f3e4f,0.02,false,false,near_mint,de,EUR,2026-06-22T09:09:42.151Z
normal sets,binder,Decoy Ploy,MSH,Marvel Super Heroes,94,normal,common,2,114018,d8719b74-48ef-4f68-b59a-949edd644ddc,0.1,false,false,near_mint,de,EUR,2026-06-22T09:09:42.150Z
normal sets,binder,Robot Domination,MSH,Marvel Super Heroes,111,normal,uncommon,1,113423,b26bb968-6612-43fe-9147-a3d4786cbc20,0.15,false,false,near_mint,de,EUR,2026-06-22T09:09:42.149Z
normal sets,binder,Project Deathlok Soldier,MSH,Marvel Super Heroes,109,normal,common,3,113724,5c21a120-4ec7-46ec-974a-2204edb92abb,0.1,false,false,near_mint,de,EUR,2026-06-22T09:09:42.148Z
normal sets,binder,Call Damage Control,MSH,Marvel Super Heroes,162,normal,common,3,114035,de1ed886-c33b-4cfd-8442-944cec654a8b,0.09,false,false,near_mint,de,EUR,2026-06-22T09:09:42.147Z
normal sets,binder,Ninja of the Hand,MSH,Marvel Super Heroes,108,normal,common,4,113757,6b8116d8-2cc6-449b-a8b4-8a5166553497,0.09,false,false,near_mint,de,EUR,2026-06-22T09:09:42.146Z
normal sets,binder,HYDRA Infiltration,MSH,Marvel Super Heroes,100,normal,common,3,113968,c2e446e1-e384-4d5f-8099-544f78c08510,0.1,false,false,near_mint,de,EUR,2026-06-22T09:09:42.145Z
normal sets,binder,Unliving Legionnaire,MSH,Marvel Super Heroes,119,normal,common,1,113998,ce08f4bb-7da3-4199-8b90-fcdb29e84e98,0.11,false,false,near_mint,de,EUR,2026-06-22T09:09:42.144Z
normal sets,binder,Villainous Hideout,MSH,Marvel Super Heroes,276,normal,uncommon,1,113823,822b0249-e1df-453d-8b60-75a5196ed818,0.21,false,false,near_mint,de,EUR,2026-06-22T09:09:42.143Z
normal sets,binder,The Serpent Society,MSH,Marvel Super Heroes,226,normal,rare,1,113401,209855ee-d531-4b58-926b-8da171d46619,1.96,false,false,near_mint,de,EUR,2026-06-22T09:09:42.142Z
normal sets,binder,"Crossbones, Malicious Mercenary",MSH,Marvel Super Heroes,91,normal,uncommon,2,113357,1576148a-2371-49ba-8eef-0bc2ec3dcaf3,0.02,false,false,near_mint,de,EUR,2026-06-22T09:09:42.141Z
normal sets,binder,Restorative Technique,MSH,Marvel Super Heroes,183,normal,common,3,114028,dbe9102d-b92b-4c32-93f6-5b6dc0fa08e6,0.11,false,false,near_mint,de,EUR,2026-06-22T09:09:42.140Z
normal sets,binder,Baron Helmut Zemo,MSH,Marvel Super Heroes,87,normal,rare,1,110066,c2aadc25-7755-4bc8-a8af-b01d27eec364,0.08,false,false,near_mint,de,EUR,2026-06-22T09:09:42.139Z
normal sets,binder,Too Evil to Stay Dead,MSH,Marvel Super Heroes,118,normal,uncommon,1,114085,f471e9ce-73bb-4090-98f2-f591c7cf4efe,0.17,false,false,near_mint,de,EUR,2026-06-22T09:09:42.138Z
normal sets,binder,Ant-Man's Army,MSH,Marvel Super Heroes,161,normal,common,4,113743,61a89566-06c1-404f-8217-e5276e2dc5a2,0.12,false,false,near_mint,de,EUR,2026-06-22T09:09:42.137Z
normal sets,binder,Serpent Specialist,MSH,Marvel Super Heroes,186,normal,common,3,113779,72727c2a-08a9-47bc-a5eb-cda52e21684b,0.09,false,false,near_mint,de,EUR,2026-06-22T09:09:42.136Z
normal sets,binder,Cruel Alliance,MSH,Marvel Super Heroes,92,normal,common,3,114019,d895d5a1-d382-438b-8551-e142bb5142af,0.09,false,false,near_mint,de,EUR,2026-06-22T09:09:42.135Z
normal sets,binder,Castle Doom,MSH,Marvel Super Heroes,263,normal,rare,1,113756,6b39d7a6-ca2d-4376-a18e-efd0138e83bc,2.08,false,false,near_mint,de,EUR,2026-06-22T09:09:42.134Z
normal sets,binder,Rapid Rescue,MSH,Marvel Super Heroes,181,normal,common,4,114015,d739e636-681e-4423-84e3-91efd02b2c94,0.06,false,false,near_mint,de,EUR,2026-06-22T09:09:42.133Z
normal sets,binder,"Whiplash, Vengeful Engineer",MSH,Marvel Super Heroes,121,normal,uncommon,1,113768,6f6e6767-4d20-469c-9f4b-7286b8cc1979,0.22,false,false,near_mint,de,EUR,2026-06-22T09:09:42.132Z
normal sets,binder,Epic Fight,MSH,Marvel Super Heroes,166,normal,rare,3,114011,d521b80b-4b0b-4d69-bd95-4c83feaf2145,0.02,false,false,near_mint,de,EUR,2026-06-22T09:09:42.131Z
normal sets,binder,Training Regimen,MSH,Marvel Super Heroes,192,normal,uncommon,4,113896,a27aee6d-1fc3-4307-bb16-b964d723fe2f,0.17,false,false,near_mint,de,EUR,2026-06-22T09:09:42.130Z
normal sets,binder,Island,MSH,Marvel Super Heroes,279,normal,common,1,113225,8c1467b1-ff2c-4f73-91ba-bc2b07afc2c3,0.27,false,false,near_mint,de,EUR,2026-06-22T09:09:42.129Z
normal sets,binder,Aerial Doombot,MSH,Marvel Super Heroes,43,normal,common,2,114054,e727ec1c-dc3b-4f1a-8a62-18549f118b89,0.08,false,false,near_mint,de,EUR,2026-06-22T09:09:42.128Z
normal sets,binder,Lord of Atlantis,MAR,Marvel Universe,56,normal,mythic,1,110046,2e26f6c6-c043-4b71-ab90-584dceeec092,5.04,false,false,near_mint,de,EUR,2026-06-22T09:09:42.127Z
normal sets,binder,"Patriot, Shield Wielder",MSH,Marvel Super Heroes,30,normal,uncommon,1,113356,1467d7c9-00d8-43f1-b4e7-a279d2b10503,0.17,false,false,near_mint,de,EUR,2026-06-22T09:09:42.126Z
normal sets,binder,A.I.M. Synthoids,MSH,Marvel Super Heroes,242,normal,common,4,114080,f29dee50-ea7e-4a54-bc91-99928a8405e3,0.09,false,false,near_mint,de,EUR,2026-06-22T09:09:42.125Z
normal sets,binder,Raft Security Officer,MSH,Marvel Super Heroes,33,normal,common,4,114095,f9b9f9d6-b50c-4b29-80be-284ba773c70b,0.12,false,false,near_mint,de,EUR,2026-06-22T09:09:42.124Z
normal sets,binder,Avengers Hangar,MSH,Marvel Super Heroes,259,normal,common,4,113977,c5d03ebb-1ce9-4a6b-b13e-a72f0b075ae8,0.12,false,false,near_mint,de,EUR,2026-06-22T09:09:42.123Z
normal sets,binder,Agents of S.H.I.E.L.D.,MSH,Marvel Super Heroes,5,normal,common,4,114023,d9b5e156-0764-44e0-b0c7-de2561ea9e04,0.07,false,false,near_mint,de,EUR,2026-06-22T09:09:42.122Z
normal sets,binder,Atlantean Cavalry,MSH,Marvel Super Heroes,45,normal,common,5,113546,1319bf54-8705-4cc4-8d08-40f05fd09837,0.17,false,false,near_mint,de,EUR,2026-06-22T09:09:42.121Z
normal sets,binder,"Spider-Woman, Secret Agent",MSH,Marvel Super Heroes,229,normal,uncommon,1,113238,a0325cb5-4c43-418a-8f1b-cf5bf29e74d7,0.02,false,false,near_mint,de,EUR,2026-06-22T09:09:42.120Z
normal sets,binder,Pym Technologies,MSH,Marvel Super Heroes,271,normal,common,2,113578,1de583ce-e805-45f1-907f-198bc82fd3b5,0.11,false,false,near_mint,de,EUR,2026-06-22T09:09:42.119Z
normal sets,binder,Murdock's Crusade,MSH,Marvel Super Heroes,24,normal,common,3,113234,98df64ca-39c3-47e6-8143-4106c8e9cf59,0.03,false,false,near_mint,de,EUR,2026-06-22T09:09:42.118Z
normal sets,binder,S.H.I.E.L.D. Deployment Drone,MSH,Marvel Super Heroes,73,normal,common,3,113970,c3d0f02f-dfaf-47b6-8053-514417f4dfe2,0.07,false,false,near_mint,de,EUR,2026-06-22T09:09:42.117Z
normal sets,binder,Atlantis Attacks,MSH,Marvel Super Heroes,46,normal,common,2,113653,40bc4380-055d-4913-93cb-280c9c1d1a87,0.08,false,false,near_mint,de,EUR,2026-06-22T09:09:42.116Z
normal sets,binder,"Justice, Vance Astrovik",MSH,Marvel Super Heroes,61,normal,uncommon,2,114079,f1448731-d50e-4b9c-8eb2-3d85c21516c6,0.18,false,false,near_mint,de,EUR,2026-06-22T09:09:42.115Z
normal sets,binder,Brave Brawler,MSH,Marvel Super Heroes,8,normal,common,3,113587,2242b5c3-42ef-4be0-a61f-65c93e56fcab,0.14,false,false,near_mint,de,EUR,2026-06-22T09:09:42.114Z
normal sets,binder,"White Widow, Free Agent",MSH,Marvel Super Heroes,42,normal,uncommon,2,113368,57da765f-7d87-42ac-9eb0-a49c296fbbf8,0.13,false,false,near_mint,de,EUR,2026-06-22T09:09:42.113Z
normal sets,binder,Island,MSH,Marvel Super Heroes,279,foil,common,1,113225,8c1467b1-ff2c-4f73-91ba-bc2b07afc2c3,0.4,false,false,near_mint,de,EUR,2026-06-22T09:09:42.112Z
normal sets,binder,Panther Pounce,MSH,Marvel Super Heroes,29,normal,common,3,113654,4122ae40-800d-4b6b-93c9-aa503c33f1a9,0.1,false,false,near_mint,de,EUR,2026-06-22T09:09:42.111Z
normal sets,binder,Frozen in Ice,MSH,Marvel Super Heroes,54,normal,common,4,113908,a990260b-39b7-4799-930a-bf9ac208d9ed,0.12,false,false,near_mint,de,EUR,2026-06-22T09:09:42.110Z
normal sets,binder,Crowd of True Believers,MSH,Marvel Super Heroes,14,foil,common,1,113684,4b2fffb8-d538-4772-8fbc-9bec3b9c4d9c,0.16,false,false,near_mint,de,EUR,2026-06-22T09:09:42.109Z
normal sets,binder,"Red Guardian, Super-Soldier",MSH,Marvel Super Heroes,34,normal,uncommon,2,113962,c08f8163-319a-4a31-b15a-93974cacd5b7,0.14,false,false,near_mint,de,EUR,2026-06-22T09:09:42.108Z
normal sets,binder,Pym Particles,MSH,Marvel Super Heroes,70,normal,uncommon,2,113418,928dfa54-1ead-4eff-a538-36cb94f05b78,0.18,false,false,near_mint,de,EUR,2026-06-22T09:09:42.107Z
normal sets,binder,Bold Biochemist,MSH,Marvel Super Heroes,48,normal,common,5,113542,10644127-3da0-484e-9afc-de26d9c34390,0.1,false,false,near_mint,de,EUR,2026-06-22T09:09:42.106Z
normal sets,binder,Depower,MSH,Marvel Super Heroes,50,normal,common,3,113626,36e9a6e9-1f9d-4860-97ee-f01e66f8eb4d,0.17,false,false,near_mint,de,EUR,2026-06-22T09:09:42.105Z
normal sets,binder,We Say Thee Nay!,MSH,Marvel Super Heroes,82,normal,common,4,113548,13b70321-75bd-4d44-b9f6-5f062a5dda0f,0.15,false,false,near_mint,de,EUR,2026-06-22T09:09:42.104Z
normal sets,binder,Hire a Crew,MSH,Marvel Super Heroes,134,normal,common,2,113696,50a6aa80-79a3-46f3-9cc1-5bf663b64976,0.15,false,false,near_mint,de,EUR,2026-06-22T09:09:42.103Z
normal sets,binder,K'un-Lun Warrior,MSH,Marvel Super Heroes,140,normal,common,4,114053,e6e8359d-12be-49be-8cbe-6a3b8506a9e6,0.06,false,false,near_mint,de,EUR,2026-06-22T09:09:42.101Z
normal sets,binder,"Wonder Man, Hollywood Hero",MSH,Marvel Super Heroes,160,normal,uncommon,1,113583,1ee52395-9523-4da1-9108-8ab79229fc7a,0.13,false,false,near_mint,de,EUR,2026-06-22T09:09:42.100Z
normal sets,binder,HYDRA Assault Robot,MSH,Marvel Super Heroes,137,normal,common,3,114044,e3b23fff-7d3b-4341-b556-82136f8c113b,0.13,false,false,near_mint,de,EUR,2026-06-22T09:09:42.099Z
normal sets,binder,Truck Toss,MSH,Marvel Super Heroes,157,normal,uncommon,1,113739,60f02fbf-1416-48a3-bf94-f27509f6983a,0.22,false,false,near_mint,de,EUR,2026-06-22T09:09:42.098Z
normal sets,binder,Vision of Love,MSH,Marvel Super Heroes,158,normal,common,4,113713,5604cee1-a2ea-48ed-88f4-6878bd053fc8,0.11,false,false,near_mint,de,EUR,2026-06-22T09:09:42.097Z
normal sets,binder,Stark Industries Executive,MSH,Marvel Super Heroes,153,normal,common,2,113772,709ffd07-706c-471f-b74d-4637afa11686,0.09,false,false,near_mint,de,EUR,2026-06-22T09:09:42.096Z
normal sets,binder,"Jessica Jones, Private Eye",MSH,Marvel Super Heroes,139,normal,uncommon,2,113424,b48278fd-1d95-4ad6-9a51-f1c5a2ab9f4b,0.13,false,false,near_mint,de,EUR,2026-06-22T09:09:42.094Z
normal sets,binder,"Reptil, Dinomorpher",MSH,Marvel Super Heroes,182,normal,uncommon,1,113332,472db3f2-23df-46c1-86c6-f35fbe5ab4e3,0.02,false,false,near_mint,de,EUR,2026-06-22T09:09:42.093Z
normal sets,binder,Guerrilla Gorilla,MSH,Marvel Super Heroes,169,normal,common,6,113920,af6bc9d2-5783-489a-8963-af65f54f4f17,0.09,false,false,near_mint,de,EUR,2026-06-22T09:09:42.092Z
normal sets,binder,Savage Land Dinosaur,MSH,Marvel Super Heroes,185,normal,common,2,113714,562bd376-3fba-4de0-b9fc-183004b03732,0.12,false,false,near_mint,de,EUR,2026-06-22T09:09:42.091Z
normal sets,binder,Trickster's Stratagem,MSH,Marvel Super Heroes,81,normal,common,3,113744,620376d0-dc0c-405f-8121-eb36d9b4f4c2,0.03,false,false,near_mint,de,EUR,2026-06-22T09:09:42.090Z
normal sets,binder,Rewrite History,MSH,Marvel Super Heroes,71,normal,uncommon,2,113377,91fdf444-3f41-4b8b-b9f5-f3ae3d903649,0.13,false,false,near_mint,de,EUR,2026-06-22T09:09:42.089Z
normal sets,binder,Futurist Forge,MSH,Marvel Super Heroes,55,normal,common,3,113901,a50feebf-c660-43f1-9fae-75294703b346,0.13,false,false,near_mint,de,EUR,2026-06-22T09:09:42.088Z
normal sets,binder,Surveillance Room,MSH,Marvel Super Heroes,274,normal,common,3,113861,8fb51fbb-ab7f-4484-a3c9-dc50cb6f2756,0.03,false,false,near_mint,de,EUR,2026-06-22T09:09:42.087Z
normal sets,binder,Crowd of True Believers,MSH,Marvel Super Heroes,14,normal,common,3,113684,4b2fffb8-d538-4772-8fbc-9bec3b9c4d9c,0.05,false,false,near_mint,de,EUR,2026-06-22T09:09:42.086Z
normal sets,binder,Mountain,MSH,Marvel Super Heroes,293,normal,common,2,113180,4bdbae27-9a55-485f-a1fc-3fa988184e9d,0.15,false,false,near_mint,de,EUR,2026-06-22T09:09:42.085Z
normal sets,binder,Fisk Tower,MSH,Marvel Super Heroes,265,normal,common,2,113786,7690e624-93c1-46f4-8f33-e28d881787d3,0.16,false,false,near_mint,de,EUR,2026-06-22T09:09:42.084Z
normal sets,binder,H.E.R.B.I.E. Scout Unit,MSH,Marvel Super Heroes,247,normal,common,4,113620,3496d0d4-3fab-4ea4-8986-afe5a7155ec6,0.15,false,false,near_mint,de,EUR,2026-06-22T09:09:42.083Z
normal sets,binder,Dark Fortress,MSH,Marvel Super Heroes,264,foil,rare,1,113339,c16fd43c-7c47-4c1b-860f-91146532e89d,8.04,false,false,near_mint,de,EUR,2026-06-22T09:09:42.082Z
normal sets,binder,H.E.R.B.I.E. Scout Unit,MSH,Marvel Super Heroes,247,foil,common,1,113620,3496d0d4-3fab-4ea4-8986-afe5a7155ec6,0.2,false,false,near_mint,de,EUR,2026-06-22T09:09:42.081Z
normal sets,binder,Dependable Quinjet,MSH,Marvel Super Heroes,246,normal,common,4,113961,c035c625-4de5-4c3b-9d07-aa1df8fc7b78,0.11,false,false,near_mint,de,EUR,2026-06-22T09:09:42.080Z
normal sets,binder,"Leader, Super-Genius",MSH,Marvel Super Heroes,330,normal,rare,1,113245,aef5d45a-de20-4c27-866d-f305b04cd47a,0.77,false,false,near_mint,de,EUR,2026-06-22T09:09:42.079Z
normal sets,binder,Red Hulk,MSH,Marvel Super Heroes,329,normal,uncommon,1,113814,7e623818-838b-4c02-a23a-498cf18d70d6,0.39,false,false,near_mint,de,EUR,2026-06-22T09:09:42.078Z
normal sets,binder,Madame Hydra,MSH,Marvel Super Heroes,318,normal,uncommon,1,113284,f05ffa99-fce3-4dc3-80c1-cd4de82b83d0,0.27,false,false,near_mint,de,EUR,2026-06-22T09:09:42.077Z
normal sets,binder,"Ares, God of War",MSH,Marvel Super Heroes,202,normal,rare,1,113409,3e121d65-d341-40b9-bebc-1e7d1b83905c,0.02,false,false,near_mint,de,EUR,2026-06-22T09:09:42.076Z
normal sets,binder,Alien Invasion,MSH,Marvel Super Heroes,200,normal,rare,1,114084,f46a7158-5807-4750-a1f3-853aabb56b99,0.27,false,false,near_mint,de,EUR,2026-06-22T09:09:42.075Z
normal sets,binder,HULK SMASH!,MSH,Marvel Super Heroes,332,normal,common,3,113129,0d01bc37-ebf4-4f08-9beb-fef8787f8e7a,0.17,false,false,near_mint,de,EUR,2026-06-22T09:09:42.074Z
normal sets,binder,The Mind Stone,MSH,Marvel Super Heroes,21,foil,mythic,1,112955,87f1e69a-6d74-4982-afda-82613637799a,63.23,false,false,excellent,de,EUR,2026-06-22T09:09:42.073Z
normal sets,binder,Tony Stark // The Invincible Iron Man,MSH,Marvel Super Heroes,80,foil,mythic,1,113182,4cea42fd-035e-4b8f-8b1d-ff363b694f14,9.07,false,false,excellent,de,EUR,2026-06-22T09:09:42.072Z
normal sets,binder,Lightning Strike,MSH,Marvel Super Heroes,142,normal,common,5,113842,88b13bc0-da54-4c3b-917c-7c8345a329f5,0.08,false,false,near_mint,de,EUR,2026-06-22T09:09:42.095Z
normal sets,binder,Plains,MSH,Marvel Super Heroes,278,normal,common,1,113202,69a24fc3-90f9-4f2e-91d9-1aaca888e432,0.23,false,false,near_mint,de,EUR,2026-06-22T09:20:02.145Z
normal sets,binder,Crimson Operative,MSH,Marvel Super Heroes,126,normal,common,3,113975,c4bc077c-f220-47a5-aaf4-5324ca23d0c5,0.14,false,false,near_mint,de,EUR,2026-06-22T09:20:02.144Z
normal sets,binder,Widow's Bite,MSH,Marvel Super Heroes,122,normal,common,2,114029,dbee18af-9ade-4251-81a1-f6e7ffbf480f,0.1,false,false,near_mint,de,EUR,2026-06-22T09:20:02.143Z
normal sets,binder,Powerful Broker,MSH,Marvel Super Heroes,179,normal,common,3,113818,801f0417-b663-4e28-9a61-9570061654d7,0.06,false,false,near_mint,de,EUR,2026-06-22T09:20:02.142Z
normal sets,binder,Super Suit,MSH,Marvel Super Heroes,78,normal,common,3,114056,e87f3a26-c2e5-47c7-b19d-bc01cb794805,0.14,false,false,near_mint,de,EUR,2026-06-22T09:20:02.141Z
normal sets,binder,Wakandan Drone Flock,MSH,Marvel Super Heroes,40,normal,common,4,113683,4b12dc1f-2218-4c71-aafa-ea6a26eeb0aa,0.03,false,false,near_mint,de,EUR,2026-06-22T09:20:02.140Z
normal sets,binder,Repulsor Blast,MSH,Marvel Super Heroes,150,normal,common,2,113826,837265b0-fc15-4d96-9d6b-fd1c78534262,0.11,false,false,near_mint,de,EUR,2026-06-22T09:20:02.139Z
normal sets,binder,"Wiccan, Rising Magician",MSH,Marvel Super Heroes,83,normal,uncommon,1,113728,5d27ddec-716d-47e5-ac48-365e91b88ff1,0.1,false,false,near_mint,de,EUR,2026-06-22T09:20:02.138Z
normal sets,binder,Arc Reactor,MSH,Marvel Super Heroes,243,normal,rare,1,113158,339acb17-4b8e-4836-9cc5-8a0a946ebc73,1.39,false,false,near_mint,de,EUR,2026-06-22T09:20:02.135Z
normal sets,binder,"Misty Knight, Hero for Hire",MSH,Marvel Super Heroes,145,normal,uncommon,2,113758,6b963642-a103-44a0-9eb7-9c3fdde181b7,0.02,false,false,near_mint,de,EUR,2026-06-22T09:20:02.134Z
normal sets,binder,"Echo, Perceptive Prodigy",MSH,Marvel Super Heroes,51,normal,uncommon,2,113260,cd9b9be6-0143-467c-8a2a-937ecafe0473,0.02,false,false,near_mint,de,EUR,2026-06-22T09:20:02.132Z
normal sets,binder,"Captain Mar-Vell, Space-Born",MSH,Marvel Super Heroes,12,normal,uncommon,1,113360,27924c2f-756c-42af-9830-18a5a2735137,0.02,false,false,near_mint,de,EUR,2026-06-22T09:20:02.131Z
normal sets,binder,Super Speed,MSH,Marvel Super Heroes,154,normal,common,5,113596,2aa2e596-e5e0-4c60-8eea-14adda1cdaae,0.11,false,false,near_mint,de,EUR,2026-06-22T09:20:02.130Z
normal sets,binder,Web Up,MSH,Marvel Super Heroes,41,normal,common,3,113882,9a1b057b-229c-4f65-ba4e-12dd342238de,0.11,false,false,near_mint,de,EUR,2026-06-22T09:20:02.129Z
normal sets,binder,Wakandan Royal Guard,MSH,Marvel Super Heroes,195,normal,common,4,113883,9bf0b1e9-32b5-4591-8dd2-6b5f9768c72d,0.04,false,false,near_mint,de,EUR,2026-06-22T09:20:02.127Z
normal sets,binder,Kingpin's Enforcers,MSH,Marvel Super Heroes,102,normal,common,3,113751,64056edb-6de2-4694-b771-f35542c25771,0.1,false,false,near_mint,de,EUR,2026-06-22T09:20:02.126Z
normal sets,binder,Visions of Villainy,MSH,Marvel Super Heroes,120,normal,common,2,114092,f8f1e4f9-7415-437f-b694-ecbdd76db114,0.12,false,false,near_mint,de,EUR,2026-06-22T09:20:02.125Z
normal sets,binder,Pet Avengers,MSH,Marvel Super Heroes,178,normal,common,3,113543,108a0b92-2134-4776-a2f7-da92050f1b21,0.12,false,false,near_mint,de,EUR,2026-06-22T09:20:02.124Z
normal sets,binder,S.H.I.E.L.D. Spy Kit,MSH,Marvel Super Heroes,36,normal,common,2,113677,4938e23f-b5da-493b-9904-af61a3733ba0,0.09,false,false,near_mint,de,EUR,2026-06-22T09:20:02.122Z
normal sets,binder,Red Room Recruit,MSH,Marvel Super Heroes,110,normal,common,2,114087,f52a5ba3-a618-4f52-9d33-ba85345eb627,0.12,false,false,near_mint,de,EUR,2026-06-22T09:20:02.121Z
normal sets,binder,Undercover Skrull,MSH,Marvel Super Heroes,194,normal,common,1,113863,90b9a3c0-3fd6-403e-9d6c-201342fea0ad,0.09,false,false,near_mint,de,EUR,2026-06-22T09:20:02.120Z
normal sets,binder,Giant-Sized Flying Ant,MSH,Marvel Super Heroes,56,normal,common,1,114024,da529bb3-725b-41aa-ac34-b4117ff5d95b,0.19,false,false,near_mint,de,EUR,2026-06-22T09:20:02.119Z
normal sets,binder,"Night Nurse, Healer of Heroes",MSH,Marvel Super Heroes,26,normal,uncommon,2,113612,3199907b-9f24-4554-942a-8ab5a7701717,0.19,false,false,near_mint,de,EUR,2026-06-22T09:20:02.116Z
normal sets,binder,"Yellowjacket, Heartless Marauder",MSH,Marvel Super Heroes,123,normal,uncommon,1,114021,d8f91212-2ff5-4024-8f14-86bb5c4a9754,0.18,false,false,near_mint,de,EUR,2026-06-22T09:20:02.115Z
normal sets,binder,"Human Torch, Johnny Storm",MSH,Marvel Super Heroes,136,normal,uncommon,1,113227,8f8659f6-a793-4edc-8401-d9126840c1c2,0.11,false,false,near_mint,de,EUR,2026-06-22T09:20:02.114Z
normal sets,binder,The Super Hero Civil War,MSH,Marvel Super Heroes,231,normal,rare,1,113345,fbd1f333-5640-41f8-b9dd-1c322ac7724a,0.02,false,false,near_mint,de,EUR,2026-06-22T09:20:02.113Z
normal sets,binder,"Quicksilver, Brash Blur",MSH,Marvel Super Heroes,148,normal,rare,1,110045,2d5819ca-165d-4f4c-9500-3ac206994880,0.02,false,false,near_mint,de,EUR,2026-06-22T09:20:02.112Z
normal sets,binder,"White Tiger, Ava Ayala",MSH,Marvel Super Heroes,196,foil,uncommon,1,113966,c1589e2e-32a8-48b8-93eb-a9af344e7084,0.13,false,false,near_mint,de,EUR,2026-06-22T09:20:02.111Z
normal sets,binder,A.I.M. Labs,MSH,Marvel Super Heroes,257,normal,common,3,113987,ca24cd9f-fd9f-4ea0-8b9c-ecf98db219a6,0.09,false,false,near_mint,de,EUR,2026-06-22T09:20:02.110Z
normal sets,binder,Agents of HYDRA,MSH,Marvel Super Heroes,85,normal,common,3,113830,857fef2e-df1f-4ec6-a262-f6fa52389cf9,0.1,false,false,near_mint,de,EUR,2026-06-22T09:20:02.107Z
normal sets,binder,"Ghost, Spectral Saboteur",MSH,Marvel Super Heroes,214,normal,uncommon,2,113967,c22bb4d5-6b6f-4c43-b005-48ae4042739d,0.15,false,false,near_mint,de,EUR,2026-06-22T09:20:02.102Z
normal sets,binder,"Tigra, Feline Fury",MSH,Marvel Super Heroes,191,normal,uncommon,2,113208,73c11aea-4fa4-438d-b886-2fafa60c82f9,0.13,false,false,near_mint,de,EUR,2026-06-22T09:20:02.101Z
normal sets,binder,"Captain Marvel, Earth's Protector",MSH,Marvel Super Heroes,11,normal,mythic,2,113280,eb098550-22e6-4079-8c59-ed9ec2f764e3,1.49,false,false,near_mint,de,EUR,2026-06-22T09:20:02.098Z
normal sets,binder,"Swordsman, Sharp Scoundrel",MSH,Marvel Super Heroes,116,foil,uncommon,1,113753,6572aafe-18ed-4182-92e9-25f003f5fe3d,0.16,false,false,near_mint,de,EUR,2026-06-22T09:20:02.097Z
normal sets,binder,Forest,MSH,Marvel Super Heroes,295,foil,common,1,113144,22463284-2478-4b1e-9a37-6dd2383266cf,0.11,false,false,near_mint,de,EUR,2026-06-22T09:20:02.096Z
normal sets,binder,Hawkeye's Bow,MSH,Marvel Super Heroes,132,foil,common,1,113676,485be72b-d784-4886-bb3a-48cff8f781c6,1.75,false,false,near_mint,de,EUR,2026-06-22T09:20:02.095Z
normal sets,binder,Forest,MSH,Marvel Super Heroes,295,normal,common,1,113144,22463284-2478-4b1e-9a37-6dd2383266cf,0.14,false,false,near_mint,de,EUR,2026-06-22T09:20:02.092Z
normal sets,binder,Savage Land Dinosaur,MSH,Marvel Super Heroes,185,foil,common,2,113714,562bd376-3fba-4de0-b9fc-183004b03732,0.15,false,false,near_mint,de,EUR,2026-06-22T09:20:02.091Z
normal sets,binder,"Leader, Super-Genius",MSH,Marvel Super Heroes,64,normal,rare,1,113153,2c8aab8d-2dfe-49c8-9aa8-536b0587b467,0.1,false,false,near_mint,de,EUR,2026-06-22T09:20:02.090Z
normal sets,binder,"Killmonger, Scourge of Wakanda",MSH,Marvel Super Heroes,218,normal,uncommon,3,113184,5060aa13-4b33-4b3a-8bdb-dd81308fa3e3,0.15,false,false,near_mint,de,EUR,2026-06-22T09:20:02.089Z
normal sets,binder,Guerrilla Gorilla,MSH,Marvel Super Heroes,169,foil,common,1,113920,af6bc9d2-5783-489a-8963-af65f54f4f17,0.19,false,false,near_mint,de,EUR,2026-06-22T09:20:02.087Z
normal sets,binder,Worlds Within Worlds,MSH,Marvel Super Heroes,241,normal,rare,1,113175,4765e39c-cbf2-4605-9bf1-3baad7d92cfb,0.02,false,false,near_mint,de,EUR,2026-06-22T09:20:02.086Z
normal sets,binder,Privileged Position,MAR,Marvel Universe,92,normal,mythic,1,113290,05961dad-9fe6-409f-8bfd-c6176072e9b1,1.54,false,false,near_mint,de,EUR,2026-06-22T09:20:02.085Z
normal sets,binder,"Bullseye, Death Dealer",MSH,Marvel Super Heroes,209,normal,uncommon,2,114104,fd1f0b5f-5e0e-4da1-ab54-a62db5af3591,0.03,false,false,near_mint,de,EUR,2026-06-22T09:20:02.082Z
normal sets,binder,"Rick Jones, Destined Sidekick",MSH,Marvel Super Heroes,184,normal,uncommon,1,113595,29bffd7c-73be-4185-976b-36a42a4512fe,0.25,false,false,near_mint,de,EUR,2026-06-22T09:20:02.081Z
normal sets,binder,Hydraulic Helper,MSH,Marvel Super Heroes,57,normal,common,3,113523,06d8a2a0-775b-4813-973f-8b15612b38d1,0.09,false,false,near_mint,de,EUR,2026-06-22T09:20:02.079Z
normal sets,binder,Hour of Defeat,MSH,Marvel Super Heroes,99,normal,common,3,113887,9e0034dd-396e-46af-b931-0daa25da4406,0.05,false,false,near_mint,de,EUR,2026-06-22T09:20:02.076Z
normal sets,binder,"Taskmaster, Mercenary Mimic",MSH,Marvel Super Heroes,232,normal,rare,1,113532,0d4265fd-cbfa-4e57-89fd-a1d757acfe81,0.41,false,false,near_mint,de,EUR,2026-06-22T09:20:02.073Z
normal sets,binder,"Invisible Woman, Sue Storm",MSH,Marvel Super Heroes,323,normal,uncommon,1,113223,8a037650-cdb2-41f8-b3a8-fedcfdb90259,0.36,false,false,near_mint,de,EUR,2026-06-22T09:20:02.072Z
normal sets,binder,Avengers Tower,MSH,Marvel Super Heroes,334,normal,uncommon,1,113399,1292713f-1462-438f-a3a2-1f69ece99668,0.05,false,false,near_mint,de,EUR,2026-06-22T09:20:02.071Z
normal sets,binder,"Hawkeye, Young Avenger",MSH,Marvel Super Heroes,131,normal,uncommon,2,113639,3cebccbb-dde2-41fe-bfdc-0a46ee185749,0.17,false,false,near_mint,de,EUR,2026-06-22T09:20:02.069Z
normal sets,binder,Helicarrier Strike,MSH,Marvel Super Heroes,15,normal,common,3,113763,6e518842-ce44-4af2-8f38-89869828294a,0.11,false,false,near_mint,de,EUR,2026-06-22T09:20:02.068Z
normal sets,binder,Super Strength,MSH,Marvel Super Heroes,189,normal,common,2,113574,1d24d200-63d4-44cf-8d3a-6c6ece5e16ff,0.15,false,false,near_mint,de,EUR,2026-06-22T09:20:02.066Z
normal sets,binder,Kree Sentinel,MSH,Marvel Super Heroes,141,normal,common,2,113944,ba5e441d-d036-4080-9571-6cf76df7b452,0.15,false,false,near_mint,de,EUR,2026-06-22T09:20:02.064Z
normal sets,binder,Evil's Thrall,MSH,Marvel Super Heroes,128,normal,uncommon,2,113363,310e30cd-b8c3-40ea-9d61-57c5c5fc2a0b,0.13,false,false,near_mint,de,EUR,2026-06-22T09:20:02.077Z
normal sets,binder,Borough Backup,MSH,Marvel Super Heroes,7,normal,common,4,113947,bb753ac8-67e1-44b0-b404-37f04c2b7438,0.11,false,false,near_mint,de,EUR,2026-06-22T09:20:02.080Z
normal sets,binder,Madame Masque,MSH,Marvel Super Heroes,104,normal,uncommon,2,114088,f54197b8-6279-43ee-9340-69bd22cf3775,0.11,false,false,near_mint,de,EUR,2026-06-22T09:20:02.084Z
normal sets,binder,Galactus,TMSH,Marvel Super Heroes Tokens,8,normal,common,1,114565,d911f8c6-88a5-4f66-a400-4df72b49c351,,false,false,near_mint,de,EUR,2026-06-25T05:27:03.112Z
normal sets,binder,Squirrel,TMSH,Marvel Super Heroes Tokens,14,normal,common,1,114606,fd0474f3-682d-4c6d-b902-84f3250aa269,,false,false,near_mint,de,EUR,2026-06-25T05:27:03.111Z
normal sets,binder,Sturdy Shield,TMSH,Marvel Super Heroes Tokens,21,normal,common,1,114566,da23a10f-7ac6-4cdc-a35c-ef6bba6b6b6f,,false,false,near_mint,de,EUR,2026-06-25T05:27:03.110Z
normal sets,binder,The Tiger God,TMSH,Marvel Super Heroes Tokens,15,normal,common,1,114413,4d1ca2ed-c987-4f92-ad7b-991d7a64d145,,false,false,near_mint,de,EUR,2026-06-25T05:27:03.109Z
normal sets,binder,Redwing,TMSH,Marvel Super Heroes Tokens,7,normal,common,1,114482,905bbfdf-17c4-4493-a842-3112947d8e13,,false,false,near_mint,de,EUR,2026-06-25T05:27:03.108Z
normal sets,binder,Zabu,TMSH,Marvel Super Heroes Tokens,16,normal,common,1,114481,8ff55043-379e-400c-9847-30b75e4a1322,,false,false,near_mint,de,EUR,2026-06-25T05:27:03.107Z
normal sets,binder,Baxter Building,MSH,Marvel Super Heroes,261,normal,uncommon,2,113358,1abc652f-8e9d-4df7-bc4e-d8b515a40fec,0.04,false,false,near_mint,de,EUR,2026-06-25T05:27:03.105Z
normal sets,binder,Asgardian Citadel,MSH,Marvel Super Heroes,258,foil,common,1,114013,d5f88c3d-b17b-46aa-a573-449350f95d46,0.19,false,false,near_mint,de,EUR,2026-06-25T05:27:03.104Z
normal sets,binder,Surveillance Room,MSH,Marvel Super Heroes,274,foil,common,1,113861,8fb51fbb-ab7f-4484-a3c9-dc50cb6f2756,0.11,false,false,near_mint,de,EUR,2026-06-25T05:27:03.103Z
normal sets,binder,Mountain,MSH,Marvel Super Heroes,283,normal,common,1,113236,9c29ba11-7438-4fd7-98b9-961be882122d,0.26,false,false,near_mint,de,EUR,2026-06-25T05:27:03.102Z
normal sets,binder,Island,MSH,Marvel Super Heroes,290,normal,common,1,113122,02f76514-9e0d-4d74-a224-15a2d7b44ae1,0.15,false,false,near_mint,de,EUR,2026-06-25T05:27:03.101Z
normal sets,binder,Birnin Zana Plaza,MSH,Marvel Super Heroes,262,normal,common,1,113655,41463827-46de-40c4-ac2b-1fdf6aa36f65,0.13,false,false,near_mint,de,EUR,2026-06-25T05:27:03.100Z
normal sets,binder,Island,MSH,Marvel Super Heroes,289,normal,common,1,113191,5a74175b-2418-4226-8435-1490532e644f,0.17,false,false,near_mint,de,EUR,2026-06-25T05:27:03.099Z
normal sets,binder,Machinesmith Automaton,MSH,Marvel Super Heroes,144,normal,common,2,113819,802e663e-9529-46da-8af4-eb9ca07971b1,0.09,false,false,near_mint,de,EUR,2026-06-25T05:27:03.098Z
normal sets,binder,HULK SMASH!,MSH,Marvel Super Heroes,135,normal,common,1,113161,374ffb3e-0753-4682-936a-ae6921ace475,0.02,false,false,near_mint,de,EUR,2026-06-25T05:27:03.097Z
normal sets,binder,The Scarlet Witch,MSH,Marvel Super Heroes,151,normal,rare,1,113168,407e8993-e56d-477d-ab85-d10a2522eab3,0.32,false,false,near_mint,de,EUR,2026-06-25T05:27:03.093Z
normal sets,binder,Blazing Crescendo,MSH,Marvel Super Heroes,125,normal,common,2,113828,8447c3d6-8c65-4d3c-81c4-609801602d06,0.05,false,false,near_mint,de,EUR,2026-06-25T05:27:03.091Z
normal sets,binder,Avengers Disassembled,MSH,Marvel Super Heroes,124,normal,rare,1,113370,72d3e750-870b-497d-80d7-e3df097db554,0.51,false,false,near_mint,de,EUR,2026-06-25T05:27:03.087Z
normal sets,binder,Fin Fang Foom,MSH,Marvel Super Heroes,129,normal,rare,1,113372,7777fac1-7bf5-4454-960d-26ec3183e392,0.17,false,false,near_mint,de,EUR,2026-06-25T05:27:03.086Z
normal sets,binder,"White Tiger, Ava Ayala",MSH,Marvel Super Heroes,196,normal,uncommon,2,113966,c1589e2e-32a8-48b8-93eb-a9af344e7084,0.12,false,false,near_mint,de,EUR,2026-06-25T05:27:03.082Z
normal sets,binder,Giant Growth,MSH,Marvel Super Heroes,167,normal,common,2,114105,fd1f95bf-48ea-455a-8a6c-0249b11c8900,0.08,false,false,near_mint,de,EUR,2026-06-25T05:27:03.080Z
normal sets,binder,Claim the Kingdom,MSH,Marvel Super Heroes,163,normal,uncommon,2,113428,cf13bfb1-5b44-4363-8de9-ece234233870,0.02,false,false,near_mint,de,EUR,2026-06-25T05:27:03.072Z
normal sets,binder,A.I.M. Scientists,MSH,Marvel Super Heroes,44,normal,common,2,113422,ab96b656-100e-491a-a8c9-94dbb9482c4d,0.08,false,false,near_mint,de,EUR,2026-06-25T05:27:03.070Z
normal sets,binder,"Falcon, Winged Wonder",MSH,Marvel Super Heroes,52,foil,uncommon,1,113376,8dc209ed-0d4c-4d0c-90e8-04cadc3d4c3d,0.16,false,false,near_mint,de,EUR,2026-06-25T05:27:03.068Z
normal sets,binder,I Am Iron Man,MSH,Marvel Super Heroes,58,normal,common,1,113885,9c401abb-5978-41c0-962b-0432f9433929,0.05,false,false,near_mint,de,EUR,2026-06-25T05:27:03.067Z
normal sets,binder,Thirst for Knowledge,MSH,Marvel Super Heroes,79,normal,uncommon,1,113413,5f4f77e5-0019-4a5f-bae6-136121946929,0.15,false,false,near_mint,de,EUR,2026-06-25T05:27:03.058Z
normal sets,binder,Agent Phil Coulson,MSH,Marvel Super Heroes,4,normal,rare,1,113135,1383e587-df58-4b45-9067-b9399e90b9ed,0.15,false,false,near_mint,de,EUR,2026-06-25T05:27:03.055Z
normal sets,binder,"Invisible Woman, Sue Storm",MSH,Marvel Super Heroes,17,normal,uncommon,1,113154,2f80394b-2f7e-40a7-8203-720bcf39d71b,0.06,false,false,near_mint,de,EUR,2026-06-25T05:27:03.052Z
normal sets,binder,Kree Commandos,MSH,Marvel Super Heroes,19,normal,common,1,113651,401f9ccf-f30c-4777-9a5b-4c340e724fff,0.06,false,false,near_mint,de,EUR,2026-06-25T05:27:03.051Z
normal sets,binder,Super Villain Lockup,MSH,Marvel Super Heroes,37,normal,uncommon,1,113568,1af5a1ca-3d11-45e3-ba12-c455c5a7fea1,0.13,false,false,near_mint,de,EUR,2026-06-25T05:27:03.050Z
normal sets,binder,Hero in Training,MSH,Marvel Super Heroes,16,foil,common,1,113541,105a937b-289c-47b5-96a4-654c697bbb7d,0.14,false,false,near_mint,de,EUR,2026-06-25T05:27:03.049Z
normal sets,binder,"Swordsman, Sharp Scoundrel",MSH,Marvel Super Heroes,116,normal,uncommon,1,113753,6572aafe-18ed-4182-92e9-25f003f5fe3d,0.17,false,false,near_mint,de,EUR,2026-06-25T05:27:03.038Z
normal sets,binder,"Klaw, Sonic Subjugator",MSH,Marvel Super Heroes,103,normal,uncommon,1,113980,c79a86f8-24e9-49a2-8b1c-72a72fed1985,0.11,false,false,near_mint,de,EUR,2026-06-25T05:27:03.034Z
normal sets,binder,Avengers: Under Siege,MSH,Marvel Super Heroes,205,normal,rare,1,113638,3c379a3f-bde1-4dc1-9843-afcb5f40792f,0.02,false,false,near_mint,de,EUR,2026-06-25T05:27:03.031Z
normal sets,binder,"Kang, Temporal Tyrant",MSH,Marvel Super Heroes,217,normal,uncommon,1,113289,fb96ee86-5139-472a-9c4b-8a8a4280fc7e,0.11,false,false,near_mint,de,EUR,2026-06-25T05:27:03.030Z
normal sets,binder,"Winter Soldier, Icy Assassin",MSH,Marvel Super Heroes,239,normal,rare,1,113390,ebf71ffc-6e3e-4ca0-a84a-3c1ebd2b64b1,0.2,false,false,near_mint,de,EUR,2026-06-25T05:27:03.028Z
normal sets,binder,"Hulk, Gamma Goliath",MSH,Marvel Super Heroes,215,normal,uncommon,2,113201,682b9f91-18bb-4113-9d5c-a381c191def9,0.16,false,false,near_mint,de,EUR,2026-06-25T05:27:03.026Z
normal sets,binder,"Bullseye, Death Dealer",MSH,Marvel Super Heroes,325,normal,uncommon,2,113838,879abc8e-bc69-4214-945a-09d02b66010c,0.06,false,false,near_mint,de,EUR,2026-06-25T05:27:03.024Z
normal sets,binder,The Unbeatable Squirrel Girl,MSH,Marvel Super Heroes,193,normal,rare,1,113268,d8b94ebb-0b3a-4e68-8c0c-3a61ac32f3ef,4.73,false,false,near_mint,de,EUR,2026-06-25T05:27:03.023Z
normal sets,binder,Take Up the Shield,MSH,Marvel Super Heroes,39,normal,common,3,113700,5199d708-8b11-461d-9e91-3e8cd70906f7,0.09,false,false,near_mint,de,EUR,2026-06-25T05:27:03.054Z
normal sets,binder,Photon Blast Barrage,MSH,Marvel Super Heroes,147,normal,uncommon,3,113287,f85a77d2-e11e-44bc-a1e7-d783cd49d714,0.02,false,false,near_mint,de,EUR,2026-06-25T05:27:03.089Z
normal sets,binder,"Moonstone, Harsh Mistress",MSH,Marvel Super Heroes,107,normal,uncommon,3,113565,1a1b2bd0-e17d-4b34-a8ee-7c913a6bc945,0.06,false,false,near_mint,de,EUR,2026-06-25T05:47:22.584Z
normal sets,binder,Mountain,MSH,Marvel Super Heroes,294,normal,common,1,113286,f7752159-06bd-4f6c-b3d2-c4c7616acfbb,0.14,false,false,near_mint,de,EUR,2026-06-25T05:47:22.583Z
normal sets,binder,Plains,MSH,Marvel Super Heroes,288,foil,common,1,113285,f29448c0-3126-4018-a934-5a4ed019ea76,0.15,false,false,near_mint,de,EUR,2026-06-25T05:47:22.582Z
normal sets,binder,Stark Industries,MSH,Marvel Super Heroes,272,normal,common,2,114106,fe3609d8-71a2-49d9-a3fa-25e0906a1a0e,0.11,false,false,near_mint,de,EUR,2026-06-25T05:47:22.581Z
normal sets,binder,"Iron Fist, Living Weapon",MSH,Marvel Super Heroes,138,normal,uncommon,3,113193,5cc2d948-ac8b-4466-b604-3fabc0ab6bb9,0.02,false,false,near_mint,de,EUR,2026-06-25T05:47:22.578Z
normal sets,binder,Hawkeye's Bow,MSH,Marvel Super Heroes,132,normal,common,2,113676,485be72b-d784-4886-bb3a-48cff8f781c6,0.82,false,false,near_mint,de,EUR,2026-06-25T05:47:22.577Z
normal sets,binder,Atlantean Cavalry,MSH,Marvel Super Heroes,45,foil,common,1,113546,1319bf54-8705-4cc4-8d08-40f05fd09837,0.27,false,false,near_mint,de,EUR,2026-06-25T05:47:22.575Z
normal sets,binder,"Attuma, Atlantean Warlord",MSH,Marvel Super Heroes,47,normal,uncommon,3,110067,c3d5add1-0d0e-414b-a964-8da326472d35,0.02,false,false,near_mint,de,EUR,2026-06-25T05:47:22.574Z
normal sets,binder,Falcon's Wing Harness,MSH,Marvel Super Heroes,53,normal,uncommon,2,113402,20e93f86-9e20-4e08-9bf7-ae6ebebf6876,0.13,false,false,near_mint,de,EUR,2026-06-25T05:47:22.571Z
normal sets,binder,Secret Invasion,MSH,Marvel Super Heroes,72,normal,rare,1,113275,e361b2f4-cd2f-44e9-a56d-c1d6b5ae742d,0.02,false,false,near_mint,de,EUR,2026-06-25T05:47:22.570Z
normal sets,binder,"She-Hulk, Jade Defender",MSH,Marvel Super Heroes,188,normal,uncommon,1,114006,d22a8d02-023c-4f71-a771-16b5aa2a05d7,0.15,false,false,near_mint,de,EUR,2026-06-25T05:47:22.563Z
normal sets,binder,HYDRA Troopers,MSH,Marvel Super Heroes,101,normal,common,1,113410,40c202f1-6e0d-42f4-a41e-e0be3362d585,0.04,false,false,near_mint,de,EUR,2026-06-25T05:47:22.561Z
normal sets,binder,Super-Skrull,MSH,Marvel Super Heroes,115,normal,rare,1,110042,11fc8221-756a-4919-9272-38793e9c1ad9,0.02,false,false,near_mint,de,EUR,2026-06-25T05:47:22.560Z
normal sets,binder,M.O.D.O.K.,MSH,Marvel Super Heroes,106,normal,mythic,1,113162,38e87542-50f7-4812-9338-84e4b9b7bb44,3.89,false,false,near_mint,de,EUR,2026-06-25T05:47:22.558Z
normal sets,binder,"Okoye, Dora Milaje Leader",MSH,Marvel Super Heroes,27,normal,uncommon,2,113602,2c89acf5-20f0-4441-b96f-2c5cacd685fb,0.02,false,false,near_mint,de,EUR,2026-06-25T05:47:22.553Z
normal sets,binder,S.H.I.E.L.D. Helicarrier,MSH,Marvel Super Heroes,249,normal,uncommon,2,113624,364dc091-3161-4cd7-838c-742b9325fc32,0.1,false,false,near_mint,de,EUR,2026-06-25T05:47:22.548Z
normal sets,binder,"Black Panther, Vanguard",MSH,Marvel Super Heroes,207,normal,uncommon,2,113237,9e308f77-206b-4c9d-bfba-f4c476ea574a,0.06,false,false,near_mint,de,EUR,2026-06-25T05:47:22.547Z
normal sets,binder,Thor Odinson,MSH,Marvel Super Heroes,234,normal,uncommon,2,113131,0e06f730-ae30-4ef2-88b1-073e02afdb25,0.08,false,false,near_mint,de,EUR,2026-06-25T05:47:22.546Z
normal sets,binder,"Iron Man, Master of Machines",MSH,Marvel Super Heroes,216,normal,uncommon,1,113226,8f84ab0a-bf6e-4f28-9da8-998512a224ed,0.07,false,false,near_mint,de,EUR,2026-06-25T05:47:22.545Z
normal sets,binder,The Serpent Society,MSH,Marvel Super Heroes,226,foil,rare,1,113401,209855ee-d531-4b58-926b-8da171d46619,2.11,false,false,near_mint,de,EUR,2026-06-25T05:47:22.543Z
normal sets,binder,The Scarlet Witch,MSH,Marvel Super Heroes,431,foil,rare,1,113163,3a62ba9f-e164-43ab-a20d-151805e8c237,1.99,false,false,near_mint,de,EUR,2026-06-25T05:48:46.353Z
normal sets,binder,The Masters of Evil,MSH,Marvel Super Heroes,105,normal,uncommon,1,113200,65ba4439-3282-4179-85b9-67a25e2e5d24,0.11,false,false,near_mint,de,EUR,2026-06-29T11:58:08.611Z
normal sets,binder,Hell's Kitchen,MSH,Marvel Super Heroes,268,normal,common,1,113741,6137c34e-cc4c-4342-a8e4-cfa9c767c67b,0.09,false,false,near_mint,de,EUR,2026-06-29T11:58:08.608Z
normal sets,binder,Avengers Tower,MSH,Marvel Super Heroes,260,normal,uncommon,1,113374,88f0d9c9-8a1f-4b5a-b6f9-821ddd658d27,0.04,false,false,near_mint,de,EUR,2026-06-29T11:58:08.607Z
normal sets,binder,Plains,MSH,Marvel Super Heroes,287,normal,common,1,113194,5f029c91-f20b-4aa5-a7d9-dd6ddef1c877,0.13,false,false,near_mint,de,EUR,2026-06-29T11:58:08.601Z
normal sets,binder,Mountain,MSH,Marvel Super Heroes,284,normal,common,1,113145,22cc3a0c-ab10-490d-b309-df87df551328,0.22,false,false,near_mint,de,EUR,2026-06-29T11:58:08.600Z
normal sets,binder,Ultron Drone,MSH,Marvel Super Heroes,253,normal,common,1,113549,149a0a3b-c470-414c-a7de-d773b8b4cc82,0.05,false,false,near_mint,de,EUR,2026-06-29T11:58:08.599Z
normal sets,binder,The Vision,MSH,Marvel Super Heroes,255,normal,rare,1,112954,2961cf20-33c8-4e66-9d0f-6daca8ea7880,0.02,false,false,near_mint,de,EUR,2026-06-29T11:58:08.596Z
normal sets,binder,The Ten Rings,MSH,Marvel Super Heroes,251,normal,mythic,1,113146,2332bc91-b0f2-4911-844d-d1cc915cd6c8,2.84,false,false,near_mint,de,EUR,2026-06-29T11:58:08.595Z
normal sets,binder,Visions of Villainy,MSH,Marvel Super Heroes,120,foil,common,1,114092,f8f1e4f9-7415-437f-b694-ecbdd76db114,0.21,false,false,near_mint,de,EUR,2026-06-29T11:58:08.592Z
normal sets,binder,Project Deathlok Soldier,MSH,Marvel Super Heroes,109,foil,common,1,113724,5c21a120-4ec7-46ec-974a-2204edb92abb,0.11,false,false,near_mint,de,EUR,2026-06-29T11:58:08.591Z
normal sets,binder,Swamp,MSH,Marvel Super Heroes,281,foil,common,1,113270,dda87be6-317e-4227-a96d-7742ac054d2e,0.25,false,false,near_mint,de,EUR,2026-06-29T11:58:08.582Z
normal sets,binder,Vibranium Energy Daggers,MSH,Marvel Super Heroes,254,normal,common,1,113694,4fe5952d-f50f-443a-b960-657fc4bc1965,0.09,false,false,near_mint,de,EUR,2026-06-29T11:58:08.578Z
normal sets,binder,"Iron Lad, Diverging Destiny",MSH,Marvel Super Heroes,59,foil,uncommon,1,113407,355e7197-2f20-43b6-9305-73c4e1fd4a3c,0.17,false,false,near_mint,de,EUR,2026-06-29T11:58:08.572Z
normal sets,binder,"Mister Fantastic, Reed Richards",MSH,Marvel Super Heroes,66,normal,uncommon,1,113139,17ef068b-61fc-443d-97b0-1e41f2622425,0.02,false,false,near_mint,de,EUR,2026-06-29T11:58:08.569Z
normal sets,binder,Team Tactics,MSH,Marvel Super Heroes,155,normal,uncommon,1,114026,db1c7a71-3d01-4f2a-9b25-2a19bb0d1a56,0.14,false,false,near_mint,de,EUR,2026-06-29T11:58:08.565Z
normal sets,binder,"Mockingbird, Ace Agent",MSH,Marvel Super Heroes,22,normal,uncommon,1,113537,0f5701ac-ec30-4fb1-bd71-4bac4693c075,0.05,false,false,near_mint,de,EUR,2026-06-29T11:58:08.561Z
normal sets,binder,"Quake, Agent of S.H.I.E.L.D.",MSH,Marvel Super Heroes,32,normal,uncommon,1,113419,92dad216-ef8e-4af2-a3c6-1d215721c478,0.1,false,false,near_mint,de,EUR,2026-06-29T11:58:08.560Z
normal sets,binder,"The Sentry, Golden Guardian",MSH,Marvel Super Heroes,35,normal,rare,1,110048,3f56c0e7-5b07-48e3-b0ca-5d09ddc8de9a,0.02,false,false,near_mint,de,EUR,2026-06-29T11:58:08.559Z
normal sets,binder,"Nick Fury, Agent of S.H.I.E.L.D.",MSH,Marvel Super Heroes,25,normal,rare,1,113365,3aa6fc02-ef76-426b-accd-6c0ef88b2a5e,0.02,false,false,near_mint,de,EUR,2026-06-29T11:58:08.558Z
normal sets,binder,"Speedball, New Warrior",MSH,Marvel Super Heroes,227,normal,uncommon,1,114038,e040b456-9853-4e94-9bf8-9374888168bb,0.06,false,false,near_mint,de,EUR,2026-06-29T11:58:08.557Z
normal sets,binder,The Ruinous Wrecking Crew,MSH,Marvel Super Heroes,224,normal,rare,1,113334,4d8c8ceb-84cd-46d2-9230-ab6ca4569334,0.02,false,false,near_mint,de,EUR,2026-06-29T11:58:08.556Z
normal sets,binder,Thor Odinson,MSH,Marvel Super Heroes,234,foil,uncommon,1,113131,0e06f730-ae30-4ef2-88b1-073e02afdb25,0.19,false,false,near_mint,de,EUR,2026-06-29T11:58:08.555Z
normal sets,binder,"Hellcat, Undying Vigilante",MSH,Marvel Super Heroes,170,normal,uncommon,1,113267,d7922c5f-d6ee-4b62-a537-3be5aa280e10,0.02,false,false,near_mint,de,EUR,2026-06-29T11:58:08.552Z
normal sets,binder,"The Mighty Thor, Jane Foster",MSH,Marvel Super Heroes,222,normal,rare,1,113527,082cc8cc-bbea-4ca7-a0e8-da1f865d6626,0.02,false,false,near_mint,de,EUR,2026-06-29T11:58:08.551Z
normal sets,binder,"Storm, Windrider",MSH,Marvel Super Heroes,230,normal,rare,1,113388,e90196a9-5a76-42f8-9b40-097d02b47f33,0.17,false,false,near_mint,de,EUR,2026-06-29T11:58:08.549Z
normal sets,binder,Knight of Wundagore,MSH,Marvel Super Heroes,175,normal,common,1,114081,f3003766-9383-44e0-8b51-35ccbed137ed,0.09,false,false,near_mint,de,EUR,2026-06-29T11:58:08.548Z
normal sets,binder,"Black Widow, Double Agent",MSH,Marvel Super Heroes,208,normal,uncommon,1,113241,aa8dbbb9-36a5-48e0-9e30-aeed0fb5d522,0.02,false,false,near_mint,de,EUR,2026-06-29T11:58:08.547Z
normal sets,binder,"Hercules, Prince of Power",MSH,Marvel Super Heroes,171,normal,uncommon,1,113384,d610d9fe-f8ae-473f-9325-e2f28f7e8a69,0.02,false,false,near_mint,de,EUR,2026-06-29T11:58:08.543Z
normal sets,binder,The Kingpin of Crime,MSH,Marvel Super Heroes,220,normal,rare,1,113177,495c08ea-5502-4bfe-aa15-fa85556755ae,0.12,false,false,near_mint,de,EUR,2026-06-29T11:58:08.538Z
normal sets,binder,"U.S.Agent, John Walker",MSH,Marvel Super Heroes,236,normal,uncommon,1,113364,35e11911-799c-4d82-9109-3ca27964bef0,0.08,false,false,near_mint,de,EUR,2026-06-29T11:58:08.537Z
normal sets,binder,I Am Iron Man,MSH,Marvel Super Heroes,58,foil,common,1,113885,9c401abb-5978-41c0-962b-0432f9433929,0.17,false,false,near_mint,de,EUR,2026-06-29T11:58:08.518Z
normal sets,binder,Kid Loki,MSH,Marvel Super Heroes,63,normal,uncommon,1,113727,5c9ff69e-6489-49f3-b401-64856f0b7c11,0.16,false,false,near_mint,de,EUR,2026-06-29T11:58:08.515Z
normal sets,binder,The Wondrous Wasp,MSH,Marvel Super Heroes,84,normal,rare,1,113675,484e80a4-1d5f-4c27-98a8-ee2ef9d6cbdc,1.28,false,false,near_mint,de,EUR,2026-06-29T11:58:08.514Z
normal sets,binder,"Falcon, Winged Wonder",MSH,Marvel Super Heroes,52,normal,uncommon,1,113376,8dc209ed-0d4c-4d0c-90e8-04cadc3d4c3d,0.09,false,false,near_mint,de,EUR,2026-06-29T11:58:08.510Z
normal sets,binder,Avengers Disassembled,MSH,Marvel Super Heroes,124,foil,rare,1,113370,72d3e750-870b-497d-80d7-e3df097db554,1.8,false,false,near_mint,de,EUR,2026-06-29T11:58:08.505Z
normal sets,binder,"Cloak and Dagger, Entwined",MSH,Marvel Super Heroes,211,normal,rare,1,114096,fa01d35f-1064-4a7c-9475-4504566df850,0.13,false,false,near_mint,de,EUR,2026-06-29T11:58:08.473Z
normal sets,binder,Ka-Zar of the Savage Land,MSH,Marvel Super Heroes,174,normal,uncommon,1,113991,caf70fc5-87a0-4b4d-bedd-74dd09569bed,0.02,false,false,near_mint,de,EUR,2026-06-29T11:58:08.472Z
normal sets,binder,Super-Adaptoid,MSH,Marvel Super Heroes,250,normal,rare,1,114100,fbbd8609-5a00-4188-96fe-77251579b88d,0.02,false,false,near_mint,de,EUR,2026-07-02T12:01:08.438Z
normal sets,binder,"Wolverine, Fierce Fighter",MSH,Marvel Super Heroes,240,normal,rare,1,113257,c1c7aa22-51b0-45ee-9a8e-5493a1820d8c,0.02,false,false,near_mint,de,EUR,2026-07-02T12:01:08.437Z
normal sets,binder,"Elektra, Daughter of the Hand",MSH,Marvel Super Heroes,97,normal,rare,1,113243,ac3e586c-d654-4631-beda-a5e29cf04717,0.02,false,false,near_mint,de,EUR,2026-07-02T12:01:08.436Z
normal sets,binder,"Daredevil, Man Without Fear",MSH,Marvel Super Heroes,213,normal,rare,1,113327,14e821bb-55cc-474e-9b63-0ceecc2666c1,0.15,false,false,near_mint,de,EUR,2026-07-02T12:01:08.435Z
normal sets,binder,S.H.I.E.L.D. Flying Car,MSH,Marvel Super Heroes,74,normal,rare,1,113338,8e651410-b829-4468-b866-a9dd15f909ad,0.02,false,false,near_mint,de,EUR,2026-07-02T12:01:08.434Z
normal sets,binder,"Ms. Marvel, Kamala Khan",MSH,Marvel Super Heroes,67,normal,rare,1,113381,9dd2d627-10fc-4045-8545-03bcf75e60ca,0.02,false,false,near_mint,de,EUR,2026-07-02T12:01:08.433Z
normal sets,binder,"Captain America, Super-Soldier",MSH,Marvel Super Heroes,352,normal,mythic,1,113189,5873766d-9b8d-4850-bbe7-76ab6c08e138,7.91,false,false,near_mint,de,EUR,2026-07-02T12:01:08.432Z
normal sets,binder,Bruce Banner // The Incredible Hulk,MSH,Marvel Super Heroes,49,normal,mythic,1,110070,e0dbbdcf-84e1-494f-8b8c-0a094f603fa9,1.49,false,false,near_mint,de,EUR,2026-07-02T12:01:08.431Z
normal sets,binder,"Anti-Venom, Horrifying Healer",SPM,Marvel's Spider-Man,1,normal,mythic,1,107863,560384fe-7be0-4b93-a515-2fe687ab2492,3.66,false,false,near_mint,de,EUR,2026-07-02T12:01:08.430Z
normal sets,binder,"Thranduil, Sindarin Liege // Silvan Rally",HOB,The Hobbit,233,normal,uncommon,1,115095,0992ce8b-7bef-4799-a52d-7a46021a8672,3.98,false,false,near_mint,de,EUR,2026-08-08T08:53:21.416Z
normal sets,binder,"Gandalf, Spark Starter",HOB,The Hobbit,203,normal,uncommon,1,114984,ccf2923e-5358-4e40-bc64-2953ac2d1692,0.47,false,false,near_mint,de,EUR,2026-08-08T08:53:51.956Z
normal sets,binder,Thorin Oakenshield,HOB,The Hobbit,202,normal,uncommon,1,114833,b6d8d14d-4713-40ea-9509-81ce68b2184d,5.32,false,false,near_mint,de,EUR,2026-08-08T08:54:47.907Z
normal sets,binder,Thorin's Last Stand,HOB,The Hobbit,209,normal,common,1,115128,089e8e4b-c367-4d86-a69a-951f7d779aaf,0.34,false,false,near_mint,de,EUR,2026-08-08T08:56:19.341Z
normal sets,binder,Glóin the Mighty // Easy Pickings,HOB,The Hobbit,99,foil,uncommon,1,115023,5793b8eb-2fc5-454d-8fa2-20346fef167a,0.28,false,false,near_mint,de,EUR,2026-08-08T09:04:28.845Z
normal sets,binder,Bolg of the North,HOB,The Hobbit,148,foil,uncommon,1,114818,7b2d2a7f-88e0-45a9-8579-a6736bcd66eb,0.33,false,false,near_mint,de,EUR,2026-08-08T09:04:28.846Z
normal sets,binder,"Gollum, Silent Slinker // Meager Meal",HOB,The Hobbit,71,normal,common,2,115060,6cfaa182-3fec-4907-8814-b4d29c33cec3,0.09,false,false,near_mint,de,EUR,2026-08-08T09:04:28.847Z
normal sets,binder,"Smaug, the Great Calamity // Spew Flame",HOB,The Hobbit,109,normal,common,5,115167,419ca9e5-8413-4378-a4ef-eda5a1024218,0.13,false,false,near_mint,de,EUR,2026-08-08T09:04:28.848Z
normal sets,binder,Smaug the Magnificent,HOB,The Hobbit,110,normal,mythic,1,112925,6a5d8fad-2ffd-4645-8c49-907999b6cecf,20.16,false,false,near_mint,de,EUR,2026-08-08T09:04:28.849Z
normal sets,binder,Wargling,HOB,The Hobbit,140,normal,common,2,115141,1ccbf823-846f-4f09-9c67-1deebb5d1d92,0.19,false,false,near_mint,de,EUR,2026-08-08T09:04:28.856Z
normal sets,binder,Pinecone Strike,HOB,The Hobbit,107,normal,common,2,115255,ea174cea-40e5-424e-9734-e39aae6c6b17,0.17,false,false,near_mint,de,EUR,2026-08-08T09:04:28.857Z
normal sets,binder,Gollum the Abandoned,HOB,The Hobbit,72,normal,uncommon,1,114926,50d91ef3-6f5d-4255-8d47-be731b5dad30,0.19,false,false,near_mint,de,EUR,2026-08-08T09:04:28.858Z
normal sets,binder,Dwarven Mattock,HOB,The Hobbit,172,normal,uncommon,1,115069,92c6f09d-b525-4e8c-a87c-a74df9dc3b1e,0.14,false,false,near_mint,de,EUR,2026-08-08T09:04:28.859Z
normal sets,binder,"Bombur, Gentle Dreamer",HOB,The Hobbit,88,normal,uncommon,1,115183,63c317e7-432c-4817-8db4-3670a1d84be3,0.2,false,false,near_mint,de,EUR,2026-08-08T09:04:28.860Z
normal sets,binder,Bolg's Company,HOB,The Hobbit,149,normal,rare,1,115256,ea3f5644-f7e3-40de-ada5-cea2e9113cfb,0.74,false,false,near_mint,de,EUR,2026-08-08T09:04:28.861Z
normal sets,binder,Rage into the Valley,HOB,The Hobbit,79,normal,common,2,115104,8651958c-3b94-47a9-a751-faf8f6236a42,0.24,false,false,near_mint,de,EUR,2026-08-08T09:04:28.870Z
normal sets,binder,Dwarven Mauler,HOB,The Hobbit,95,normal,uncommon,1,114982,bd0f0415-43af-4f5d-8999-853c5d42780d,0.16,false,false,near_mint,de,EUR,2026-08-08T09:04:28.871Z
normal sets,binder,Elven Raft-Steerer,HOB,The Hobbit,37,normal,uncommon,1,114890,c141695c-c108-41d5-85cb-1f7485d9d533,0.17,false,false,near_mint,de,EUR,2026-08-08T09:04:28.872Z
normal sets,binder,"Bifur, Melodic Rider",HOB,The Hobbit,147,normal,uncommon,2,114849,ee88cc80-8fbf-451c-b2b8-09158426c26a,0.18,false,false,near_mint,de,EUR,2026-08-08T09:04:28.873Z
normal sets,binder,The Eagles Are Coming!,HOB,The Hobbit,12,normal,rare,1,114791,0bda1b62-47fc-42c2-a841-ccad8ea0db48,2.92,false,false,near_mint,de,EUR,2026-08-08T09:04:28.874Z
normal sets,binder,Dwarven Shortsword,HOB,The Hobbit,10,foil,common,1,115259,f2341cf3-4d2c-4a4f-9aea-8834104a8910,0.21,false,false,near_mint,de,EUR,2026-08-08T09:04:28.875Z
normal sets,binder,Goblin-town Flunkies,HOB,The Hobbit,100,normal,common,3,115239,ccff7382-8609-494c-aeee-cd1436456dd0,0.21,false,false,near_mint,de,EUR,2026-08-08T09:04:28.877Z
normal sets,binder,Mirkwood Nurturer,HOB,The Hobbit,160,normal,common,3,115061,704b45e4-566e-40f6-a33a-9151018b44e5,0.24,false,false,near_mint,de,EUR,2026-08-08T09:04:28.878Z
normal sets,binder,Confusticate and Bebother,HOB,The Hobbit,35,normal,common,3,115071,9de48690-e5ae-495a-addf-305f1db7ec21,0.16,false,false,near_mint,de,EUR,2026-08-08T09:04:28.879Z
normal sets,binder,"Dáin, Lord of the Iron Hills",HOB,The Hobbit,8,normal,uncommon,1,115213,99d27749-d16c-45e9-accc-6a01351c17f9,0.33,false,false,near_mint,de,EUR,2026-08-08T09:04:28.885Z
normal sets,binder,"Galion, Elvenking's Butler",HOB,The Hobbit,125,normal,uncommon,1,114979,985bd676-58c4-42c7-a570-1b413e9aa94c,0.13,false,false,near_mint,de,EUR,2026-08-08T09:04:28.886Z
normal sets,binder,Bard the Bowman,HOB,The Hobbit,145,normal,uncommon,1,114790,0b84e232-428c-424a-848c-ef95debc6e50,0.14,false,false,near_mint,de,EUR,2026-08-08T09:04:28.887Z
normal sets,binder,"Bilbo Baggins, Burglar // Take a Glance",HOB,The Hobbit,34,foil,common,1,115057,6a109b3e-9f5b-4625-abb7-6b992c10530b,0.18,false,false,near_mint,de,EUR,2026-08-08T09:04:28.888Z
normal sets,binder,Iron Hills,HOB,The Hobbit,185,normal,common,1,115063,78045c43-5cbe-48ff-837d-e7c6baac2937,0.15,false,false,near_mint,de,EUR,2026-08-08T09:04:28.889Z
normal sets,binder,Great Fierce Bee,HOB,The Hobbit,73,normal,common,3,115215,9d9ef88f-d208-4788-9553-cd672b3be1fe,0.19,false,false,near_mint,de,EUR,2026-08-08T09:04:28.890Z
normal sets,binder,Lake-town Lookout,HOB,The Hobbit,18,normal,common,3,115138,178c4cf6-6b11-40e4-9673-c560d6818a6b,0.16,false,false,near_mint,de,EUR,2026-08-08T09:04:28.891Z
normal sets,binder,Bolg of the North,HOB,The Hobbit,148,normal,uncommon,1,114818,7b2d2a7f-88e0-45a9-8579-a6736bcd66eb,0.15,false,false,near_mint,de,EUR,2026-08-08T09:04:28.897Z
normal sets,binder,"Bilbo, Luckwearer // Burglar's Plot",HOB,The Hobbit,32,normal,uncommon,2,112930,8bff0aa6-16d9-4c83-b598-ef00a3b33d2c,0.16,false,false,near_mint,de,EUR,2026-08-08T09:04:28.898Z
normal sets,binder,Desolation of Smaug,HOB,The Hobbit,93,normal,rare,1,114799,2462358b-52c8-49b2-8d97-d65a9188f8f7,1.71,false,false,near_mint,de,EUR,2026-08-08T09:04:28.899Z
normal sets,binder,Swamp,HOB,The Hobbit,196,normal,common,1,112944,c5f590a3-9993-4ac4-a93c-1beb44eda17b,0.47,false,false,near_mint,de,EUR,2026-08-08T09:04:28.900Z
normal sets,binder,"Bofur, Reliable Guardian // Concerted Care",HOB,The Hobbit,6,normal,uncommon,1,115190,6b8e6435-7de4-41d5-bc7d-8e24c11897d0,0.21,false,false,near_mint,de,EUR,2026-08-08T09:04:28.909Z
normal sets,binder,Head of the Hunt,HOB,The Hobbit,75,normal,rare,1,114995,3ffe34d4-72f4-4562-a948-8909b9321e59,0.43,false,false,near_mint,de,EUR,2026-08-08T09:04:28.910Z
normal sets,binder,Enchanted River's Grasp,HOB,The Hobbit,39,foil,common,1,115225,ad40a4b9-9fab-49c1-8e9f-6e0776966833,0.25,false,false,near_mint,de,EUR,2026-08-08T09:04:28.911Z
normal sets,binder,Mountain,HOB,The Hobbit,197,normal,common,1,112923,51acfb01-4b0b-48fc-9704-a9b4a1e43a23,0.47,false,false,near_mint,de,EUR,2026-08-08T09:04:28.912Z
normal sets,binder,Ordinary Bear,HOB,The Hobbit,133,normal,common,4,115040,0feb9817-56e1-465a-851c-b2fe202aa8ae,0.15,false,false,near_mint,de,EUR,2026-08-08T09:04:28.850Z
normal sets,binder,Óin the Brave,HOB,The Hobbit,106,normal,common,4,115212,9984b9ef-e81c-48f4-aa33-0504171a2d3c,0.22,false,false,near_mint,de,EUR,2026-08-08T09:04:28.851Z
normal sets,binder,Old Thrush,HOB,The Hobbit,2,normal,common,3,115162,3ad02b56-13ec-46ef-92bd-ae078b8bb517,0.15,false,false,near_mint,de,EUR,2026-08-08T09:04:28.852Z
normal sets,binder,Enchanted River's Grasp,HOB,The Hobbit,39,normal,common,3,115225,ad40a4b9-9fab-49c1-8e9f-6e0776966833,0.19,false,false,near_mint,de,EUR,2026-08-08T09:04:28.853Z
normal sets,binder,Stir Up Trouble,HOB,The Hobbit,84,normal,common,3,115266,fd145e3a-c889-4390-accb-863dbcc845ce,0.14,false,false,near_mint,de,EUR,2026-08-08T09:04:28.854Z
normal sets,binder,Dwarven Provisioner,HOB,The Hobbit,9,normal,common,3,115144,1f9a61a1-454e-4d5b-a6dd-1a79fe9dedf3,0.18,false,false,near_mint,de,EUR,2026-08-08T09:04:28.855Z
normal sets,binder,Lake-town,HOB,The Hobbit,186,normal,common,2,115044,2fbd0584-81a7-4c47-8af1-1c8635899a97,0.15,false,false,near_mint,de,EUR,2026-08-08T09:04:28.862Z
normal sets,binder,Front Porch Sentries,HOB,The Hobbit,67,normal,common,3,115094,07bfc803-e11b-47ab-9f25-0ace7e174200,0.13,false,false,near_mint,de,EUR,2026-08-08T09:04:28.863Z
normal sets,binder,Esgaroth Garrison,HOB,The Hobbit,13,normal,common,4,115177,573f67b0-6ce8-4857-a703-4a5728640736,0.15,false,false,near_mint,de,EUR,2026-08-08T09:04:28.864Z
normal sets,binder,Elvenking's Harper,HOB,The Hobbit,38,normal,common,3,115214,9c50656d-c74a-4e90-9ef7-afa237682516,0.17,false,false,near_mint,de,EUR,2026-08-08T09:04:28.865Z
normal sets,binder,Goblin Plate Mail,HOB,The Hobbit,157,normal,common,4,115085,cb982607-da37-4894-91a5-cf6307d4d703,0.16,false,false,near_mint,de,EUR,2026-08-08T09:04:28.884Z
normal sets,binder,"Bilbo Baggins, Burglar // Take a Glance",HOB,The Hobbit,34,normal,common,3,115057,6a109b3e-9f5b-4625-abb7-6b992c10530b,0.12,false,false,near_mint,de,EUR,2026-08-08T09:04:28.893Z
normal sets,binder,"Beorn, Reluctant Host // Till and Tend",HOB,The Hobbit,118,normal,common,3,115066,804589b7-3ef9-473d-97cc-c61a2d41f70d,0.1,false,false,near_mint,de,EUR,2026-08-08T09:04:28.894Z
normal sets,binder,Iron Hills Stalwart,HOB,The Hobbit,102,normal,common,4,115172,46daa9ac-0ac7-4df9-b9d2-e03ab5b56c72,0.1,false,false,near_mint,de,EUR,2026-08-08T09:04:28.895Z
normal sets,binder,"Nori, Teller of Tales",HOB,The Hobbit,161,normal,common,3,115076,b05adb48-980c-49a0-9ce6-7c7f3f20715d,0.16,false,false,near_mint,de,EUR,2026-08-08T09:04:28.896Z
normal sets,binder,Goblin-town,HOB,The Hobbit,183,normal,common,2,115088,d76df9d0-56cf-4351-a5e8-e6ae6fc791d1,0.17,false,false,near_mint,de,EUR,2026-08-08T09:26:48.022Z
normal sets,binder,Elven Passage,HOB,The Hobbit,181,normal,rare,1,115089,dd1fd2ab-2565-4798-a832-fc849df82f74,3.47,false,false,near_mint,de,EUR,2026-08-08T09:26:48.024Z
normal sets,binder,Ravenhill Flock,HOB,The Hobbit,52,normal,uncommon,1,114931,acbb4d32-2771-469e-a6de-0df15155cc62,0.16,false,false,near_mint,de,EUR,2026-08-08T09:26:48.025Z
normal sets,binder,Large Bear,HOB,The Hobbit,159,normal,uncommon,1,115049,50202288-f433-4b56-8f60-349bda7b4f6b,0.11,false,false,near_mint,de,EUR,2026-08-08T09:26:48.026Z
normal sets,binder,Velvetwing Butterflies // Gaze in Wonder,HOB,The Hobbit,30,normal,common,2,115180,5cc0f994-5048-4898-926e-b56cbc97e0ca,0.11,false,false,near_mint,de,EUR,2026-08-08T09:26:48.031Z
normal sets,binder,Lakeshore Apothecary,HOB,The Hobbit,43,normal,common,2,115223,abfbb255-a39b-4df5-bfb6-5298584e89f0,0.15,false,false,near_mint,de,EUR,2026-08-08T09:26:48.032Z
normal sets,binder,Well-Worn Spatula,HOB,The Hobbit,180,normal,common,2,115055,659b687f-4068-496f-81b2-7b606bf07ec1,0.17,false,false,near_mint,de,EUR,2026-08-08T09:26:48.033Z
normal sets,binder,The Chief Warg,HOB,The Hobbit,150,normal,uncommon,2,114839,c397a298-bf7f-49d7-a26a-206ccf9e8120,0.15,false,false,near_mint,de,EUR,2026-08-08T09:26:48.035Z
normal sets,binder,Uncover the Moon-Letters,HOB,The Hobbit,57,normal,rare,2,115103,79edf5f6-f6b6-4271-bd2a-14a980f30616,1.71,false,false,near_mint,de,EUR,2026-08-08T09:26:48.036Z
normal sets,binder,Sound the Trumpets,HOB,The Hobbit,55,normal,uncommon,1,114949,dd32a1dd-3541-4572-a717-1deabc14b827,0.13,false,false,near_mint,de,EUR,2026-08-08T09:26:48.037Z
normal sets,binder,Misty Mountains Raider,HOB,The Hobbit,105,normal,uncommon,1,114974,6dff14cd-b60b-48f4-9d9f-c9019b55df4c,0.15,false,false,near_mint,de,EUR,2026-08-08T09:26:48.038Z
normal sets,binder,Woodland Weavemaster,HOB,The Hobbit,143,normal,uncommon,1,115034,fe2b4bcf-56de-44d3-83af-aeb27f82c25e,0.32,false,false,near_mint,de,EUR,2026-08-08T09:26:48.039Z
normal sets,binder,Reverent Howl,HOB,The Hobbit,81,normal,common,2,115136,16765eb2-d497-4cd6-b683-20eac2f10bbf,0.14,false,false,near_mint,de,EUR,2026-08-08T09:26:48.042Z
normal sets,binder,Warg Tactics,HOB,The Hobbit,139,normal,common,2,115228,b06d9cee-bb0f-4fe7-ab2a-b55d36461aec,0.18,false,false,near_mint,de,EUR,2026-08-08T09:26:48.043Z
normal sets,binder,Swamp,HOB,The Hobbit,191,normal,common,1,115046,4031e5e4-e573-4130-8d20-4a606edef0a0,0.15,false,false,near_mint,de,EUR,2026-08-08T09:26:48.047Z
normal sets,binder,Goblin-town Flunkies,HOB,The Hobbit,100,foil,common,1,115239,ccff7382-8609-494c-aeee-cd1436456dd0,0.34,false,false,near_mint,de,EUR,2026-08-08T09:26:48.048Z
normal sets,binder,Wizard's Staff,HOB,The Hobbit,59,normal,rare,1,114991,0de529a7-bdc5-4581-a169-1ad123bc099a,6.6,false,false,near_mint,de,EUR,2026-08-08T09:26:48.049Z
normal sets,binder,Supper for Spiders,HOB,The Hobbit,86,normal,rare,1,114811,5b25e454-06bb-43ca-9a9f-57164f7a70c4,0.66,false,false,near_mint,de,EUR,2026-08-08T09:26:48.050Z
normal sets,binder,Eagle of the Great Shelf,HOB,The Hobbit,11,normal,uncommon,1,114895,3feca644-5f65-4477-bbc8-d505cec6f3a5,0.16,false,false,near_mint,de,EUR,2026-08-08T09:26:48.051Z
normal sets,binder,Smaug's Fury,HOB,The Hobbit,111,normal,common,2,115218,a16f203a-785e-4c78-9410-fb9f8a0ffa01,0.17,false,false,near_mint,de,EUR,2026-08-08T09:26:48.056Z
normal sets,binder,Little Bear,HOB,The Hobbit,128,normal,common,2,115067,8a50858a-33b5-4c45-9c31-5956ae5a33a6,0.14,false,false,near_mint,de,EUR,2026-08-08T09:26:48.057Z
normal sets,binder,Dwarven Shortsword,HOB,The Hobbit,10,normal,common,2,115259,f2341cf3-4d2c-4a4f-9aea-8834104a8910,0.19,false,false,near_mint,de,EUR,2026-08-08T09:26:48.060Z
normal sets,binder,Part in Friendship,HOB,The Hobbit,134,normal,rare,1,114889,b4ff1eac-6d97-40ab-9b7c-c2fdca0917d9,0.37,false,false,near_mint,de,EUR,2026-08-08T09:26:48.063Z
normal sets,binder,Beorn's Hospitality,HOB,The Hobbit,120,normal,uncommon,1,114968,153ca57e-30f0-4ad7-ae9d-c55cbf0fd4c9,0.37,false,false,near_mint,de,EUR,2026-08-08T09:26:48.064Z
normal sets,binder,Old Fat Spider Can't See Me,HOB,The Hobbit,50,normal,uncommon,1,115175,4a865cea-f947-4736-8ace-ba478fceeb22,0.17,false,false,near_mint,de,EUR,2026-08-08T09:26:48.065Z
normal sets,binder,"Ori, Keeper of Songs",HOB,The Hobbit,23,normal,common,1,115081,c5727af5-a487-4b16-8278-81c3c928c417,0.16,false,false,near_mint,de,EUR,2026-08-08T09:26:48.067Z
normal sets,binder,Plunder the Trollshaws,HOB,The Hobbit,51,normal,common,1,115074,afb73190-b9bd-4744-a011-a37cd9c0148d,0.19,false,false,near_mint,de,EUR,2026-08-08T09:26:48.068Z
normal sets,binder,Duskwatch Hunter,HOB,The Hobbit,153,normal,common,1,115045,3685c783-d837-4466-a960-ab3098db64c3,0.17,false,false,near_mint,de,EUR,2026-08-08T09:26:48.069Z
normal sets,binder,Ravening Warg,HOB,The Hobbit,80,normal,common,1,115257,ea7b5052-b343-466d-879e-2a211657ef0a,0.19,false,false,near_mint,de,EUR,2026-08-08T09:26:48.070Z
normal sets,binder,"Dori, Bearer of Friends",HOB,The Hobbit,94,normal,common,1,115087,d2f60ad0-c887-4585-85f8-afcf72fb80d0,0.16,false,false,near_mint,de,EUR,2026-08-08T09:26:48.071Z
normal sets,binder,Wood Elves,HOB,The Hobbit,142,normal,common,1,112913,2476e42b-b209-4207-8ed9-cb668f89b218,0.13,false,false,near_mint,de,EUR,2026-08-08T09:26:48.072Z
normal sets,binder,Vow to Erebor,HOB,The Hobbit,31,normal,common,1,115210,8d4f3eb5-fedf-45d6-8bd8-aacbe0ce33b2,0.21,false,false,near_mint,de,EUR,2026-08-08T09:26:48.073Z
normal sets,binder,Lake-town Toymaker,HOB,The Hobbit,19,normal,uncommon,2,115185,67304269-c595-4cf0-8dbf-fcb2e9e01fe2,0.15,false,false,near_mint,de,EUR,2026-08-08T09:26:48.027Z
normal sets,binder,Uneasy Partings,HOB,The Hobbit,58,normal,common,3,115250,e49866d4-966a-40f9-b08d-18e5af6d726b,0.06,false,false,near_mint,de,EUR,2026-08-08T09:26:48.028Z
normal sets,binder,Giant's Boulder,HOB,The Hobbit,173,normal,common,2,115241,ce254758-c928-4b43-a952-13fac1845668,0.4,false,false,near_mint,de,EUR,2026-08-08T09:26:48.029Z
normal sets,binder,Guardian of the Halls,HOB,The Hobbit,127,normal,common,3,115168,4265caec-8c28-44cd-8e6b-90b5af926d3c,0.24,false,false,near_mint,de,EUR,2026-08-08T09:26:48.030Z
normal sets,binder,Mirkwood,HOB,The Hobbit,188,normal,common,3,115054,612cf954-f86c-4629-99df-4874d56fded3,0.16,false,false,near_mint,de,EUR,2026-08-08T09:26:48.034Z
normal sets,binder,Wilderland Scrounger,HOB,The Hobbit,141,normal,uncommon,2,114999,63078f42-f404-4c61-86be-45d934393b0a,0.17,false,false,near_mint,de,EUR,2026-08-08T09:26:48.052Z
normal sets,binder,The Misty Mountains Cold,HOB,The Hobbit,321,foil,rare,1,114884,1aaf8a8a-1032-4ee5-9c18-2debb40ec561,,false,false,near_mint,de,EUR,2026-08-08T09:40:27.286Z
normal sets,binder,Stone-Giant of High Pass,HOB,The Hobbit,113,normal,rare,1,115102,5f4f4683-ffd2-447a-932b-276f7fa17cca,0.39,false,false,near_mint,de,EUR,2026-08-08T09:57:39.617Z
normal sets,binder,Fire of Orthanc,LTR,The Lord of the Rings: Tales of Middle-earth,127,normal,common,1,83332,9b5871c5-bb94-4803-93ba-cd1a630b00d6,0.05,false,false,near_mint,de,EUR,2026-08-09T10:39:20.098Z
normal sets,binder,Wayfarer's Bauble,LTC,Tales of Middle-earth Commander,290,normal,common,2,83189,7219d07d-56b3-4522-9552-7f290f2c2176,0.45,false,false,near_mint,de,EUR,2026-08-09T10:39:20.099Z
normal sets,binder,Rogue's Passage,LTC,Tales of Middle-earth Commander,326,normal,uncommon,1,83260,86438671-fdb8-4a82-b1e8-ef51fa4078df,0.53,false,false,near_mint,de,EUR,2026-08-09T10:39:20.100Z
normal sets,binder,Battle-Scarred Goblin,LTR,The Lord of the Rings: Tales of Middle-earth,115,normal,common,2,83436,b91859de-1983-4c9c-a9e6-289c7dba1eb4,0.05,false,false,near_mint,de,EUR,2026-08-09T10:39:20.101Z
normal sets,binder,Improvised Club,LTR,The Lord of the Rings: Tales of Middle-earth,137,normal,common,1,83432,b8397d13-eeaf-4b4e-b3cd-9a9ac231873a,0.11,false,false,near_mint,de,EUR,2026-08-09T10:39:20.102Z
normal sets,binder,Olog-hai Crusher,LTR,The Lord of the Rings: Tales of Middle-earth,140,normal,common,2,83476,c33bf593-62e0-491a-a31a-328bce6d8735,0.06,false,false,near_mint,de,EUR,2026-08-09T10:39:20.104Z
normal sets,binder,"Gandalf, Spark Starter",HOB,The Hobbit,97,normal,uncommon,2,114975,7c5c6f1c-35cf-4172-b5a1-b73222b0723b,0.21,false,false,near_mint,de,EUR,2026-08-09T10:39:20.105Z
normal sets,binder,Inferno Titan,LTC,Tales of Middle-earth Commander,223,normal,mythic,1,83559,db61b57c-b870-41af-87b7-037ec52fe063,0.35,false,false,near_mint,de,EUR,2026-08-09T10:39:20.106Z
normal sets,binder,Snowslope Hunter,HOB,The Hobbit,112,normal,uncommon,2,115173,47666099-ffb2-4d07-a801-70524dba0837,0.23,false,false,near_mint,de,EUR,2026-08-09T10:39:20.107Z
normal sets,binder,Ragged Short Spear,HOB,The Hobbit,108,normal,common,3,115203,7bf81a8b-52ad-49f5-a3d4-22613cad3a3d,0.19,false,false,near_mint,de,EUR,2026-08-09T10:39:20.108Z
normal sets,binder,Smite the Deathless,LTR,The Lord of the Rings: Tales of Middle-earth,148,normal,common,2,83271,8b716fcc-c4cc-4987-be82-2897a9888d23,0.11,false,false,near_mint,de,EUR,2026-08-09T10:39:20.109Z
normal sets,binder,Goblin Fireleaper,LTR,The Lord of the Rings: Tales of Middle-earth,133,normal,uncommon,2,83620,ec120dae-8c40-4053-9341-1f7774464634,0.07,false,false,near_mint,de,EUR,2026-08-09T10:39:20.110Z
normal sets,binder,Oliphaunt,LTR,The Lord of the Rings: Tales of Middle-earth,139,normal,common,1,83161,6989018c-37b1-4282-a4af-9cc97f160b4d,0.18,false,false,near_mint,de,EUR,2026-08-09T10:39:20.111Z
normal sets,binder,Goblin Cratermaker,LTC,Tales of Middle-earth Commander,218,normal,uncommon,1,83267,88670dcc-715e-4570-8b0c-f4772a2c99e2,0.25,false,false,near_mint,de,EUR,2026-08-09T10:39:20.112Z
normal sets,binder,Guttersnipe,LTC,Tales of Middle-earth Commander,220,normal,uncommon,1,83529,d1ade999-a59c-4594-a787-b68fbf90bbb2,0.35,false,false,near_mint,de,EUR,2026-08-09T10:39:20.113Z
normal sets,binder,Orcish Siegemaster,LTC,Tales of Middle-earth Commander,33,normal,rare,1,82917,1e9f9869-0f43-4eac-892f-26cd8a614330,0.83,false,false,near_mint,de,EUR,2026-08-09T10:39:20.114Z
normal sets,binder,Stone by Sunlight,HOB,The Hobbit,27,normal,uncommon,1,114913,c5752731-253c-4b41-bdd8-94c26d715206,0.12,false,false,near_mint,de,EUR,2026-08-09T10:55:31.059Z
normal sets,binder,Long-Bodied Grey Dog,HOB,The Hobbit,1,normal,common,1,115243,d1a1e520-1fe2-4529-8afb-c187bb80da3c,0.14,false,false,near_mint,de,EUR,2026-08-09T10:56:13.316Z
normal sets,binder,The Mountain-king's Return,HOB,The Hobbit,22,normal,uncommon,1,114898,68f4893d-e9a5-4f89-ade3-9ab78a834ad5,0.16,false,false,near_mint,de,EUR,2026-08-09T10:56:13.319Z
normal sets,binder,Dwarven Mauler,HOB,The Hobbit,95,foil,uncommon,1,114982,bd0f0415-43af-4f5d-8999-853c5d42780d,0.31,false,false,near_mint,de,EUR,2026-08-09T10:56:13.320Z
normal sets,binder,Thrór's Map,HOB,The Hobbit,179,normal,uncommon,1,115032,ad0dba36-d056-4bc1-987a-391da26ad267,0.35,false,false,near_mint,de,EUR,2026-08-09T10:56:13.322Z
normal sets,binder,Magnificent End,HOB,The Hobbit,20,normal,common,1,115170,430c8916-1167-400b-9cad-d301f59d5e5d,0.17,false,false,near_mint,de,EUR,2026-08-09T11:02:50.680Z
normal sets,binder,Moment of Glory,HOB,The Hobbit,21,normal,common,1,115130,0a6a6ff0-b1cd-4b06-bd31-612690094e0e,0.15,false,false,near_mint,de,EUR,2026-08-09T11:02:50.681Z
normal sets,binder,Thorin's Last Stand,HOB,The Hobbit,28,normal,common,1,115134,127367b6-9cfe-4516-9bfd-5b951468a25c,0.17,false,false,near_mint,de,EUR,2026-08-09T11:02:50.682Z
normal sets,binder,"Roads Go Ever, Ever On",HOB,The Hobbit,25,normal,rare,1,114888,b3c1ebd6-967f-4b8c-8f1f-442ce8c1da24,0.36,false,false,near_mint,de,EUR,2026-08-09T11:02:50.684Z
normal sets,binder,Dáin's Company,HOB,The Hobbit,152,normal,rare,1,115020,36db4405-8589-481f-b627-f26087488337,0.1,false,false,near_mint,de,EUR,2026-08-09T11:02:50.685Z
normal sets,binder,Silvan Reveler,HOB,The Hobbit,163,normal,uncommon,1,114840,c71b74fb-fb0c-4953-b536-7a3f283c6918,0.2,false,false,near_mint,de,EUR,2026-08-09T11:02:50.689Z
normal sets,binder,"Thranduil, Sindarin Liege // Silvan Rally",HOB,The Hobbit,166,normal,uncommon,1,115048,481870ee-d1f7-421b-86e1-570ea933bbbc,0.09,false,false,near_mint,de,EUR,2026-08-09T11:02:50.690Z
normal sets,binder,Patient Instructor,HOB,The Hobbit,162,foil,common,1,115091,e4800508-8bb9-41bb-8712-b55fba7a80a5,0.26,false,false,near_mint,de,EUR,2026-08-09T11:02:50.691Z
normal sets,binder,Mirkwood Nurturer,HOB,The Hobbit,160,foil,common,2,115061,704b45e4-566e-40f6-a33a-9151018b44e5,0.18,false,false,near_mint,de,EUR,2026-08-09T11:02:50.692Z
normal sets,binder,Patient Instructor,HOB,The Hobbit,162,normal,common,1,115091,e4800508-8bb9-41bb-8712-b55fba7a80a5,0.13,false,false,near_mint,de,EUR,2026-08-09T11:02:50.693Z
normal sets,binder,Fearsome Goblin Pair,HOB,The Hobbit,156,normal,uncommon,1,115018,2efe2dc7-3eaa-47f6-b1ae-f974c4a8ae79,0.15,false,false,near_mint,de,EUR,2026-08-09T11:02:50.695Z
normal sets,binder,Tidings of War,HOB,The Hobbit,115,normal,common,1,115160,38c16a0a-375e-48cb-9720-dbbc08c603ae,0.2,false,false,near_mint,de,EUR,2026-08-09T11:02:50.698Z
normal sets,binder,"Burn, Burn, Tree and Fern",HOB,The Hobbit,90,normal,uncommon,1,114856,fceb1a2d-121e-49ad-acf2-1bb5aebec116,0.17,false,false,near_mint,de,EUR,2026-08-09T11:02:50.702Z
normal sets,binder,Gnashing of Teeth,HOB,The Hobbit,69,normal,uncommon,1,114927,5d485d70-c7b9-40a4-9089-5e7f1c2b9213,0.13,false,false,near_mint,de,EUR,2026-08-09T11:02:50.704Z
normal sets,binder,Great Ugly-Looking Goblin // Clap! Snap!,HOB,The Hobbit,74,normal,uncommon,1,115011,c87f6004-e1cf-42b2-9647-322bc4939339,0.15,false,false,near_mint,de,EUR,2026-08-09T11:02:50.705Z
normal sets,binder,Crude Bent Blade,HOB,The Hobbit,63,normal,common,1,115116,fa8fd3c4-bd00-485d-80b1-2b67f5786fce,0.13,false,false,near_mint,de,EUR,2026-08-09T11:02:50.706Z
normal sets,binder,"Gollum, Riddle Master",HOB,The Hobbit,70,normal,mythic,1,114835,bbdc7e37-c65a-497a-92b7-a30a6e369c71,6.84,false,false,near_mint,de,EUR,2026-08-09T11:02:50.709Z
normal sets,binder,Gnashing of Teeth,HOB,The Hobbit,69,foil,uncommon,1,114927,5d485d70-c7b9-40a4-9089-5e7f1c2b9213,0.24,false,false,near_mint,de,EUR,2026-08-09T11:02:50.711Z
normal sets,binder,Stony-Voiced Goblins,HOB,The Hobbit,85,normal,common,1,115194,6fcc3699-b475-4612-884d-81bd4f21e9c1,0.16,false,false,near_mint,de,EUR,2026-08-09T11:02:50.714Z
normal sets,binder,Nasty Little Rabbit,HOB,The Hobbit,130,normal,uncommon,1,115030,96bc7d25-2828-478a-8fe5-a1f4ede8c9c0,0.06,false,false,near_mint,de,EUR,2026-08-09T11:02:50.719Z
normal sets,binder,Quarrel,HOB,The Hobbit,135,normal,common,1,115179,5900a0b4-aa89-4019-94c9-7e9ea3b4792e,0.1,false,false,near_mint,de,EUR,2026-08-09T11:02:50.722Z
normal sets,binder,Boughside Wanderers,HOB,The Hobbit,121,normal,common,1,115196,71bec005-2925-4944-be16-2cc5eb30f5d6,0.48,false,false,near_mint,de,EUR,2026-08-09T11:02:50.723Z
normal sets,binder,Mirkwood Pathmaker,HOB,The Hobbit,129,normal,uncommon,1,114997,50fbedc0-bc66-4ffb-87f6-a2df69995091,0.08,false,false,near_mint,de,EUR,2026-08-09T11:02:50.726Z
normal sets,binder,The Lord of the Eagles,HOB,The Hobbit,46,foil,rare,1,114918,fa0554fc-9448-4ae2-8712-4f4f7af3c7b4,1.07,false,false,near_mint,de,EUR,2026-08-09T11:02:50.727Z
normal sets,binder,Fateful Discovery,HOB,The Hobbit,40,normal,mythic,1,115072,a1142fa1-b861-4876-aa48-402af35aaa63,8.49,false,false,near_mint,de,EUR,2026-08-09T11:02:50.728Z
normal sets,binder,Long Lake Nuisance,HOB,The Hobbit,45,normal,common,1,115240,cd5af94d-6321-4834-8e5f-e5d0261b3ef3,0.09,false,false,near_mint,de,EUR,2026-08-09T11:02:50.729Z
normal sets,binder,Lake-town Mariners // Gone Fishing,HOB,The Hobbit,44,normal,uncommon,1,114996,4202a678-a5f4-47f9-9c18-e88ab9ad20a4,0.19,false,false,near_mint,de,EUR,2026-08-09T11:02:50.733Z
normal sets,binder,"Gandalf, Wandering Wizard",HOB,The Hobbit,41,normal,common,1,115043,1f8403a2-849c-4a59-b0ed-c8803995028d,0.14,false,false,near_mint,de,EUR,2026-08-09T11:02:50.735Z
normal sets,binder,Lakeshore Apothecary,HOB,The Hobbit,43,foil,common,2,115223,abfbb255-a39b-4df5-bfb6-5298584e89f0,0.17,false,false,near_mint,de,EUR,2026-08-09T11:02:50.736Z
normal sets,binder,Master's Councillors,HOB,The Hobbit,47,normal,uncommon,1,114932,addcefdd-e012-4adf-9052-e60376a8d2d3,0.08,false,false,near_mint,de,EUR,2026-08-09T11:02:50.741Z
normal sets,binder,The Queen of Dale,HOB,The Hobbit,217,normal,mythic,1,114820,7d635dfb-0a48-4965-82d1-d98f943bb28d,28.35,false,false,near_mint,de,EUR,2026-08-09T11:05:13.770Z
normal sets,binder,"Bofur, Reliable Guardian // Concerted Care",HOB,The Hobbit,215,normal,uncommon,1,115219,a221baee-6ed1-4f11-b38c-e0be8531e170,0.39,false,false,near_mint,de,EUR,2026-08-09T11:06:39.731Z
normal sets,binder,The One Ring,HOC,The Hobbit Eternal,84,foil,mythic,1,112942,c2fed990-78fd-4688-8cac-9f57774297f6,800.0,false,false,near_mint,de,EUR,2026-08-11T04:25:16.673Z
normal sets,binder,The Reaver Cleaver,HOC,The Hobbit Eternal,94,foil,mythic,1,114813,6431d2f1-44e7-4699-bc38-2e5222a5e243,150.0,false,false,near_mint,de,EUR,2026-08-11T16:11:15.136Z
normal sets,binder,"Orcrist, Goblin-cleaver",HOB,The Hobbit,236,normal,mythic,1,114901,758b4398-4522-49c8-94de-b0d647532544,15.38,false,false,near_mint,de,EUR,2026-08-11T16:11:55.801Z
normal sets,binder,"Thranduil, the Elvenking",HOB,The Hobbit,246,normal,rare,1,114827,a416ca91-e646-40b4-824c-24aed6b9c683,12.79,false,false,near_mint,de,EUR,2026-08-11T16:12:35.855Z
normal sets,binder,"Bard, King of Dale",HOB,The Hobbit,144,foil,mythic,1,114837,c05c2aa6-29c7-40f8-872e-91099b9225c4,6.43,false,false,near_mint,de,EUR,2026-08-11T16:13:03.998Z
normal sets,binder,Captain America's Shield,MSH,Marvel Super Heroes,311,normal,rare,1,113362,2cef736d-170d-4551-83e5-19f6b6bb677c,2.07,false,false,near_mint,de,EUR,2026-08-13T04:49:40.873Z
normal sets,binder,Glóin the Mighty // Easy Pickings,HOB,The Hobbit,263,foil,uncommon,1,115051,5546390b-3957-4e3b-aa64-85692381f53f,3.87,false,false,near_mint,de,EUR,2026-08-13T06:18:23.042Z
normal sets,binder,Stone by Sunlight,HOB,The Hobbit,27,foil,uncommon,1,114913,c5752731-253c-4b41-bdd8-94c26d715206,0.14,false,false,near_mint,de,EUR,2026-08-13T06:20:31.067Z
normal sets,binder,Thorin Oakenshield,HOB,The Hobbit,202,foil,uncommon,1,114833,b6d8d14d-4713-40ea-9509-81ce68b2184d,0.02,false,false,near_mint,de,EUR,2026-08-13T06:20:31.068Z
normal sets,binder,Old Fat Spider,HOB,The Hobbit,132,foil,uncommon,1,115033,e0c0f842-40fe-4776-a988-a35216bcfd47,0.02,false,false,near_mint,de,EUR,2026-08-13T06:20:31.069Z
normal sets,binder,"Aragorn and Arwen, Wed",HOC,The Hobbit Eternal,28,normal,mythic,1,114891,e1e75e94-7664-499e-9da1-97b56d44dd9e,8.21,false,false,near_mint,de,EUR,2026-08-13T06:20:31.070Z
normal sets,binder,Hobbit Hole,HOB,The Hobbit,184,foil,common,1,115038,0365c439-30bf-4d32-a791-166751bdb996,0.34,false,false,near_mint,de,EUR,2026-08-13T06:20:31.071Z
normal sets,binder,Vow to Erebor,HOB,The Hobbit,31,foil,common,1,115210,8d4f3eb5-fedf-45d6-8bd8-aacbe0ce33b2,0.18,false,false,near_mint,de,EUR,2026-08-13T06:20:31.072Z
normal sets,binder,Reverent Howl,HOB,The Hobbit,81,foil,common,1,115136,16765eb2-d497-4cd6-b683-20eac2f10bbf,0.21,false,false,near_mint,de,EUR,2026-08-13T06:20:31.073Z
normal sets,binder,Velvetwing Butterflies // Gaze in Wonder,HOB,The Hobbit,30,foil,common,1,115180,5cc0f994-5048-4898-926e-b56cbc97e0ca,0.15,false,false,near_mint,de,EUR,2026-08-13T06:20:31.074Z
normal sets,binder,Ordinary Bear,HOB,The Hobbit,133,foil,common,1,115040,0feb9817-56e1-465a-851c-b2fe202aa8ae,0.21,false,false,near_mint,de,EUR,2026-08-13T06:20:31.075Z
normal sets,binder,Great Fierce Bee,HOB,The Hobbit,73,foil,common,1,115215,9d9ef88f-d208-4788-9553-cd672b3be1fe,0.2,false,false,near_mint,de,EUR,2026-08-13T06:20:31.076Z
normal sets,binder,Bag End Banquet,HOC,The Hobbit Eternal,5,normal,rare,1,114789,028f284b-4b4c-44e2-8ded-bc59ec71250f,6.69,false,false,near_mint,de,EUR,2026-08-13T06:20:31.078Z
normal sets,binder,The Sackville-Bagginses,HOB,The Hobbit,83,foil,rare,1,114960,ed87b471-79f9-45ec-9188-69e970f6121e,1.65,false,false,near_mint,de,EUR,2026-08-13T06:20:31.079Z
normal sets,binder,Rhovanion Rampager,HOB,The Hobbit,82,foil,rare,1,115101,5ee45a5e-3650-47b3-8d31-6b1de9e27a14,0.47,false,false,near_mint,de,EUR,2026-08-13T06:20:31.080Z
normal sets,binder,Plunder the Trollshaws,HOB,The Hobbit,51,foil,common,1,115074,afb73190-b9bd-4744-a011-a37cd9c0148d,0.16,false,false,near_mint,de,EUR,2026-08-13T06:20:31.081Z
normal sets,binder,Thranduil's Decree,HOB,The Hobbit,56,foil,uncommon,1,114950,e4ded4c1-0e3e-47c5-8fdc-e7c187f68b12,0.23,false,false,near_mint,de,EUR,2026-08-13T06:20:31.082Z
normal sets,binder,Along the Crooked Way,HOB,The Hobbit,60,foil,rare,1,115099,3696d65c-fffd-4685-bb2d-e8769bf476e3,0.41,false,false,near_mint,de,EUR,2026-08-13T06:20:31.083Z
normal sets,binder,"Down, Down to Goblin-town",HOB,The Hobbit,65,foil,uncommon,1,114933,b72e193c-e030-4936-9b79-c636eff750e1,0.17,false,false,near_mint,de,EUR,2026-08-13T06:20:31.084Z
normal sets,binder,"Gollum, Silent Slinker // Meager Meal",HOB,The Hobbit,71,foil,common,1,115060,6cfaa182-3fec-4907-8814-b4d29c33cec3,0.23,false,false,near_mint,de,EUR,2026-08-13T06:20:31.085Z
normal sets,binder,Wilderland Scrounger,HOB,The Hobbit,141,foil,uncommon,1,114999,63078f42-f404-4c61-86be-45d934393b0a,0.21,false,false,near_mint,de,EUR,2026-08-13T06:20:31.087Z
normal sets,binder,"Bombur, Gentle Dreamer",HOB,The Hobbit,88,foil,uncommon,1,115183,63c317e7-432c-4817-8db4-3670a1d84be3,0.29,false,false,near_mint,de,EUR,2026-08-13T06:20:31.088Z
normal sets,binder,Treasure,THOB,The Hobbit Tokens,12,foil,common,1,112945,c6e096bb-ad9e-4a8b-8b42-26852fa32c1d,,false,false,near_mint,de,EUR,2026-08-13T06:20:31.089Z
normal sets,binder,Iron Hills Blacksmith,HOB,The Hobbit,216,normal,uncommon,1,114899,6b428a9a-3a59-4416-b00b-78e2cb73e2d6,0.19,false,false,near_mint,de,EUR,2026-08-13T09:31:18.714Z
normal sets,binder,Dimension X,TMT,Teenage Mutant Ninja Turtles,183,normal,common,1,111558,1c244fc2-70f0-4149-b0d2-d49fc6bac2b0,0.04,false,false,near_mint,de,EUR,2026-08-13T12:21:21.299Z